article_type,author_names,authorinfo,citation,citation_date,correspondence_author,keywords,titles
"['\nNature |\n\t\t\t\t\tArticle\t\t\t\t', '\nNature\n']","['Alexander C. Huang', '1', '2', '3', '4', 'Michael A. Postow', '5', '6', '*', 'Robert J. Orlowski', '1', '2', '3', '4', '*', 'Rosemarie Mick', '3', '4', '7', 'Bertram Bengsch', '2', '4', '8', 'Sasikanth Manne', '2', '8', 'Wei Xu', '1', '3', 'Shannon Harmon', '1', '3', 'Josephine R. Giles', '2', '4', '8', 'Brandon Wenz', '1', '3', 'Matthew Adamow', '9', 'Deborah Kuk', '10', 'Katherine S. Panageas', '10', 'Cristina Carrera', '5', '11', 'Phillip Wong', '9', '12', 'Felix Quagliarello', '2', '8', 'Bradley Wubbenhorst', '1', '3', 'Kurt D’Andrea', '1', '3', 'Kristen E. Pauken', '2', '8', 'Ramin S. Herati', '1', '2', '3', 'Ryan P. Staupe', '2', '8', 'Jason M. Schenkel', '13', 'Suzanne McGettigan', '1', '3', 'Shawn Kothari', '1', 'Sangeeth M. George', '2', '4', '8', 'Robert H. Vonderheide', '1', '2', '3', '4', 'Ravi K. Amaravadi', '1', '3', 'Giorgos C. Karakousis', '3', '14', 'Lynn M. Schuchter', '1', '3', 'Xiaowei Xu', '3', '15', 'Katherine L. Nathanson', '1', '3', '4', 'Jedd D. Wolchok', '5', '12', 'Tara C. Gangadhar', '1', '3', '§', 'E. John Wherry', '2', '3', '4', '8', '§']","['Department of Medicine, Perelman School of Medicine, University of Pennsylvania, Philadelphia, Pennsylvania, USA', 'Institute for Immunology, Perelman School of Medicine, University of Pennsylvania, Philadelphia, Pennsylvania, USA', 'Abramson Cancer Center, Perelman School of Medicine, University of Pennsylvania, Philadelphia, Pennsylvania, USA', 'Parker Institute for Cancer Immunotherapy at University of Pennsylvania, Philadelphia, Pennsylvania, USA', 'Department of Medicine, Memorial Sloan Kettering Cancer Center, New York, New York, USA', 'Weill Cornell Medical College, New York, New York, USA', 'Department of Biostatistics and Epidemiology, Perelman School of Medicine, University of Pennsylvania, Philadelphia, Pennsylvania, USA', 'Department of Microbiology, Perelman School of Medicine, University of Pennsylvania, Philadelphia, Pennsylvania, USA', 'Immune Monitoring Facility, Ludwig Center for Cancer Immunotherapy, Memorial Sloan Kettering Cancer Center, New York, New York, USA', 'Department of Epidemiology and Biostatistics, Memorial Sloan Kettering Cancer Center, New York, New York, USA', 'Department of Dermatology, Hospital Clínic de Barcelona, Institut d’Investigacions Biomèdiques August Pi i Sunyer (IDIBAPS), University of Barcelona and Centro de Investigación Biomédica en Red de Enfermedades Raras (CIBERER), Barcelona, Spain', 'Parker Institute for Cancer Immunotherapy at Memorial Sloan Kettering Cancer Center, New York, New York, USA', 'Department of Pathology, Brigham and Women’s Hospital, Boston, Massachusetts, USA', 'Department of Surgery, Perelman School of Medicine, University of Pennsylvania, Philadelphia, Pennsylvania, USA', 'Department of Pathology and Laboratory Medicine, Perelman School of Medicine, University of Pennsylvania, Philadelphia, Pennsylvania, USA']","['Nature', '(2017)', 'doi:10.1038/nature22079', '\n\t\t\t\t\t\t\t\t\t\t\t\t\t\t\t14 June 2016\n\t\t\t\t\t\t\t\t\t\t\t\t', '\n\t\t\t\t\t\t\t\t\t\t\t\t\t\t\t22 March 2017\n\t\t\t\t\t\t\t\t\t\t\t\t', '\n\t\t\t\t\t\t\t\t\t\t\t\t\t\t\t\t\t\n\t\t\t\t10 April 2017\t\t\t\t\t\t\t']","['\n\t\t\t\t\t\t\t\t\t\t\t\t\t\t\t14 June 2016\n\t\t\t\t\t\t\t\t\t\t\t\t', '\n\t\t\t\t\t\t\t\t\t\t\t\t\t\t\t22 March 2017\n\t\t\t\t\t\t\t\t\t\t\t\t', '\n\t\t\t\t\t\t\t\t\t\t\t\t\t\t\t\t\t\n\t\t\t\t10 April 2017\t\t\t\t\t\t\t']","['Alexander C. Huang', 'Tara C. Gangadhar', 'E. John Wherry']",[],T-cell invigoration to tumour burden ratio associated with anti-PD-1 response
[],[],[],[],[],[],[],Brain cells reprogrammed in a mouse model of Parkinson’s 
[],[],[],[],[],[],[],Earth-sized exoplanet with atmosphere spotted
[],[],[],[],[],[],[],Lakes face a dangerously salty future
"['\nNature |\n\t\t\t\t\tLetter\t\t\t\t', '\nNature\n | \n\t\t\t\t\t\t\t\t\t\tArticle\n\t\t\t\t\t\t\t\t\t\t\t\t\t\t\t\t\t', '\nNature\n | \n\t\t\t\t\t\t\t\t\tNews and Views\n\t\t\t\t\t\t\t\t\t\t\t\t\t\t\t']","['Suihe Jiang', '1', 'Hui Wang', '1', 'Yuan Wu', '1', 'Xiongjun Liu', '1', 'Honghong Chen', '1', 'Mengji Yao', '2', 'Baptiste Gault', '2', 'Dirk Ponge', '2', 'Dierk Raabe', '2', 'Akihiko Hirata', '3', '4', 'Mingwei Chen', '3', '5', 'Yandong Wang', '1', 'Zhaoping Lu', '1']","['State Key Laboratory for Advanced Metals and Materials, University of Science and Technology Beijing, Beijing 100083, China', 'Department of Microstructure Physics and Alloy Design, Max-Planck-Institut für Eisenforschung GmbH, Max-Planck-Straße, Düsseldorf 40237, Germany', 'WPI Advanced Institute for Materials Research, Tohoku University, Sendai 980-8577, Japan', 'Mathematics for Advanced Materials-OIL, AIST-Tohoku University, Sendai 980-8577, Japan', 'Department of Materials Science and Engineering, Johns Hopkins University, Baltimore Maryland 21218, USA']","['Nature', '(2017)', 'doi:10.1038/nature22032', '\n\t\t\t\t\t\t\t\t\t\t\t\t\t\t\t30 August 2016\n\t\t\t\t\t\t\t\t\t\t\t\t', '\n\t\t\t\t\t\t\t\t\t\t\t\t\t\t\t02 February 2017\n\t\t\t\t\t\t\t\t\t\t\t\t', '\n\t\t\t\t\t\t\t\t\t\t\t\t\t\t\t\t\t\n\t\t\t\t10 April 2017\t\t\t\t\t\t\t']","['\n\t\t\t\t\t\t\t\t\t\t\t\t\t\t\t30 August 2016\n\t\t\t\t\t\t\t\t\t\t\t\t', '\n\t\t\t\t\t\t\t\t\t\t\t\t\t\t\t02 February 2017\n\t\t\t\t\t\t\t\t\t\t\t\t', '\n\t\t\t\t\t\t\t\t\t\t\t\t\t\t\t\t\t\n\t\t\t\t10 April 2017\t\t\t\t\t\t\t']",['Zhaoping Lu'],[],Ultrastrong steel via minimal lattice misfit and high-density nanoprecipitation
[],[],[],[],[],[],[],Increased farming is threatening Africa’s forests
[],[],[],[],[],[],[],Monkeys can sniff out sickness from faeces
[],[],[],[],[],[],[],Rogue asteroids may be rare
[],[],[],[],[],[],[],Viruses can trigger coeliac disease
[],[],[],[],[],[],[],Octopus smarts may come from RNA edits
[],[],[],[],[],[],[],Biofilms call out to each other from a distance 
"['\nNature |\n\t\t\t\t\tNews & Views\t\t\t\t', '\nNature\n | \n\t\t\t\t\t\t\t\t\t\tCorrespondence\n\t\t\t\t\t\t\t\t\t\t\t\t\t\t\t\t\t', '\nNature\n | \n\t\t\t\t\t\t\t\t\tNews and Views\n\t\t\t\t\t\t\t\t\t\t\t\t\t\t\t']","['Phillip S. Barbeau', '1']","['Phillip S. Barbeau is in the Department of Physics, Duke University, North Carolina 27708-0305, USA.']","['Nature', '\n\t\t\t544,', '38–39', '(06 April 2017)', 'doi:10.1038/544038a', '\n\t\t\t\t\t\t\t\t\t\t\t\t\t\t\t\t\t\n\t\t\t\t05 April 2017\t\t\t\t\t\t\t']",['\n\t\t\t\t\t\t\t\t\t\t\t\t\t\t\t\t\t\n\t\t\t\t05 April 2017\t\t\t\t\t\t\t'],['Phillip S. Barbeau'],['Particle physics'],Particle physics: The search for no neutrinos
"['\nNature |\n\t\t\t\t\tLetter\t\t\t\t', '\nNature\n | \n\t\t\t\t\t\t\t\t\t\tLetter\n\t\t\t\t\t\t\t\t\t\t\t\t\t\t\t\t\t', '\nNature\n | \n\t\t\t\t\t\t\t\t\tLetter\n\t\t\t\t\t\t\t\t\t\t\t\t\t\t\t']","['J. E. Campbell', '1', 'J. A. Berry', '2', 'U. Seibt', '3', 'S. J. Smith', '4', 'S. A. Montzka', '5', 'T. Launois', '6', '†', 'S. Belviso', '6', 'L. Bopp', '6', '†', 'M. Laine', '7']","['Sierra Nevada Research Institute, University of California, Merced, California 95343, USA', 'Department of Global Ecology, Carnegie Institution for Science, Stanford, California 94305, USA', 'Department of Atmospheric and Oceanic Sciences, University of California, Los Angeles, California 90095, USA', 'Joint Global Change Research Institute, Pacific Northwest National Laboratory, College Park, Maryland 20740, USA', 'Earth System Research Laboratory, National Oceanic and Atmospheric Administration, Boulder, Colorado 80305, USA', 'Laboratoire des Sciences du Climat et de l’Environnement, IPSL, CNRS/CEA/UVSQ, 91191 Gif sur Yvette, France.', 'Finnish Meteorological Institute, Helsinki 00560, Finland']","['Nature', '\n\t\t\t544,', '84–87', '(06 April 2017)', 'doi:10.1038/nature22030', '\n\t\t\t\t\t\t\t\t\t\t\t\t\t\t\t10 January 2012\n\t\t\t\t\t\t\t\t\t\t\t\t', '\n\t\t\t\t\t\t\t\t\t\t\t\t\t\t\t23 February 2017\n\t\t\t\t\t\t\t\t\t\t\t\t', '\n\t\t\t\t\t\t\t\t\t\t\t\t\t\t\t\t\t\n\t\t\t\t05 April 2017\t\t\t\t\t\t\t']","['\n\t\t\t\t\t\t\t\t\t\t\t\t\t\t\t10 January 2012\n\t\t\t\t\t\t\t\t\t\t\t\t', '\n\t\t\t\t\t\t\t\t\t\t\t\t\t\t\t23 February 2017\n\t\t\t\t\t\t\t\t\t\t\t\t', '\n\t\t\t\t\t\t\t\t\t\t\t\t\t\t\t\t\t\n\t\t\t\t05 April 2017\t\t\t\t\t\t\t']",['J. E. Campbell'],"['Carbon cycle', 'Photosynthesis']",Large historical growth in global terrestrial gross primary production
"['\nNature |\n\t\t\t\t\tBooks and Arts\t\t\t\t', '\nNature\n | \n\t\t\t\t\t\t\t\t\t\tBooks and Arts\n\t\t\t\t\t\t\t\t\t\t\t\t\t\t\t\t\t', '\nNature\n | \n\t\t\t\t\t\t\t\t\tBooks and Arts\n\t\t\t\t\t\t\t\t\t\t\t\t\t\t\t']","['Anne-Emanuelle Birn', '1']","[""Anne-Emanuelle Birn is professor of critical development studies and social and behavioural health sciences at the University of Toronto in Canada. Her latest book is Oxford University Press's Textbook of Global Health."", ""Anne-Emanuelle Birn is professor of critical development studies and social and behavioural health sciences at the University of Toronto in Canada. Her latest book is Oxford University Press's Textbook of Global Health.""]","['Nature', '\n\t\t\t544,', '31–32', '(06 April 2017)', 'doi:10.1038/544031a', '\n\t\t\t\t\t\t\t\t\t\t\t\t\t\t\t\t\t\n\t\t\t\t05 April 2017\t\t\t\t\t\t\t']",['\n\t\t\t\t\t\t\t\t\t\t\t\t\t\t\t\t\t\n\t\t\t\t05 April 2017\t\t\t\t\t\t\t'],"['Anne-Emanuelle Birn', 'Anne-Emanuelle Birn']",[],Philanthropy: The politics of giving
"['\nNature |\n\t\t\t\t\tBooks and Arts\t\t\t\t', '\nNature\n | \n\t\t\t\t\t\t\t\t\t\tBooks and Arts\n\t\t\t\t\t\t\t\t\t\t\t\t\t\t\t\t\t', '\nNature\n | \n\t\t\t\t\t\t\t\t\tBooks and Arts\n\t\t\t\t\t\t\t\t\t\t\t\t\t\t\t']","['Tilli Tansey', '1']","['Tilli Tansey is professor of the history of modern medical sciences at Queen Mary, University of London.', 'Tilli Tansey is professor of the history of modern medical sciences at Queen Mary, University of London.']","['Nature', '\n\t\t\t544,', '28–29', '(06 April 2017)', 'doi:10.1038/544028a', '\n\t\t\t\t\t\t\t\t\t\t\t\t\t\t\t\t\t\n\t\t\t\t05 April 2017\t\t\t\t\t\t\t']",['\n\t\t\t\t\t\t\t\t\t\t\t\t\t\t\t\t\t\n\t\t\t\t05 April 2017\t\t\t\t\t\t\t'],"['Tilli Tansey', 'Tilli Tansey']",[],Medical history: A surgeon for all seasons
"['\nNature |\n\t\t\t\t\tCorrespondence\t\t\t\t', '\nNature\n | \n\t\t\t\t\t\t\t\t\t\tCorrespondence\n\t\t\t\t\t\t\t\t\t\t\t\t\t\t\t\t\t', '\nNature\n | \n\t\t\t\t\t\t\t\t\tCorrespondence\n\t\t\t\t\t\t\t\t\t\t\t\t\t\t\t']","['Hubert Cheung', '1', 'Rebecca W. Y. Wong', '2', 'Duan Biggs', '3']","['University of Queensland, Brisbane, Australia.', 'City University of Hong Kong.', 'Griffith University, Nathan, Queensland, Australia.']","['Nature', '\n\t\t\t544,', '35', '(06 April 2017)', 'doi:10.1038/544035b', '\n\t\t\t\t\t\t\t\t\t\t\t\t\t\t\t\t\t\n\t\t\t\t05 April 2017\t\t\t\t\t\t\t']",['\n\t\t\t\t\t\t\t\t\t\t\t\t\t\t\t\t\t\n\t\t\t\t05 April 2017\t\t\t\t\t\t\t'],['Hubert Cheung'],"['Government', 'Policy']",Ivory ban: Close Hong Kong's ivory-trade window
"['\nNature |\n\t\t\t\t\tNews & Views\t\t\t\t', '\nNature\n | \n\t\t\t\t\t\t\t\t\t\tNews and Views\n\t\t\t\t\t\t\t\t\t\t\t\t\t\t\t\t\t', '\nNature\n | \n\t\t\t\t\t\t\t\t\tNews and Views\n\t\t\t\t\t\t\t\t\t\t\t\t\t\t\t']","['Dan Yakir', '1']","['Dan Yakir is in the Department of Earth & Planetary Sciences, Weizmann Institute of Science, Rehovot 76100, Israel.']","['Nature', '\n\t\t\t544,', '39–40', '(06 April 2017)', 'doi:10.1038/544039a', '\n\t\t\t\t\t\t\t\t\t\t\t\t\t\t\t\t\t\n\t\t\t\t05 April 2017\t\t\t\t\t\t\t']",['\n\t\t\t\t\t\t\t\t\t\t\t\t\t\t\t\t\t\n\t\t\t\t05 April 2017\t\t\t\t\t\t\t'],['Dan Yakir'],['Biogeochemistry'],Biogeochemistry: Large rise in carbon uptake by land plants
"['\nNature |\n\t\t\t\t\tCorrespondence\t\t\t\t', '\nNature\n | \n\t\t\t\t\t\t\t\t\t\tCorrespondence\n\t\t\t\t\t\t\t\t\t\t\t\t\t\t\t\t\t', '\nNature\n | \n\t\t\t\t\t\t\t\t\tCorrespondence\n\t\t\t\t\t\t\t\t\t\t\t\t\t\t\t']","['Chika E. Uzoigwe', '1']","['Sheffield, UK.']","['Nature', '\n\t\t\t544,', '35', '(06 April 2017)', 'doi:10.1038/544035d', '\n\t\t\t\t\t\t\t\t\t\t\t\t\t\t\t\t\t\n\t\t\t\t05 April 2017\t\t\t\t\t\t\t']",['\n\t\t\t\t\t\t\t\t\t\t\t\t\t\t\t\t\t\n\t\t\t\t05 April 2017\t\t\t\t\t\t\t'],['Chika E. Uzoigwe'],"['Sociology', 'Funding']",Socio-economics: Reduce inequality to reduce abortion
"['\nNature |\n\t\t\t\t\tBooks and Arts\t\t\t\t', '\nNature\n | \n\t\t\t\t\t\t\t\t\t\tBooks and Arts\n\t\t\t\t\t\t\t\t\t\t\t\t\t\t\t\t\t', '\nNature\n | \n\t\t\t\t\t\t\t\t\tBooks and Arts\n\t\t\t\t\t\t\t\t\t\t\t\t\t\t\t']","['Jim Fleming', '1']","['Jim Fleming is the Charles A. Dana Professor of Science, Technology, and Society at Colby College in Maine. His latest book is Inventing Atmospheric Science (MIT Press, 2016).', 'Jim Fleming is the Charles A. Dana Professor of Science, Technology, and Society at Colby College in Maine. His latest book is Inventing Atmospheric Science (MIT Press, 2016).']","['Nature', '\n\t\t\t544,', '32–33', '(06 April 2017)', 'doi:10.1038/544032a', '\n\t\t\t\t\t\t\t\t\t\t\t\t\t\t\t\t\t\n\t\t\t\t05 April 2017\t\t\t\t\t\t\t']",['\n\t\t\t\t\t\t\t\t\t\t\t\t\t\t\t\t\t\n\t\t\t\t05 April 2017\t\t\t\t\t\t\t'],"['Jim Fleming', 'Jim Fleming']",[],Meteorology: Weather makers
"['\nNature |\n\t\t\t\t\tNews & Views\t\t\t\t', '\nNature\n | \n\t\t\t\t\t\t\t\t\t\tNews and Views\n\t\t\t\t\t\t\t\t\t\t\t\t\t\t\t\t\t', '\nNature\n | \n\t\t\t\t\t\t\t\t\tNews and Views\n\t\t\t\t\t\t\t\t\t\t\t\t\t\t\t']",[],[],"['Nature', '\n\t\t\t544,', '43', '(06 April 2017)', 'doi:10.1038/544043a', '\n\t\t\t\t\t\t\t\t\t\t\t\t\t\t\t\t\t\n\t\t\t\t05 April 2017\t\t\t\t\t\t\t']",['\n\t\t\t\t\t\t\t\t\t\t\t\t\t\t\t\t\t\n\t\t\t\t05 April 2017\t\t\t\t\t\t\t'],[],"['History', 'Evolution', 'Materials science']",50 & 100 Years Ago
"['\nNature |\n\t\t\t\t\tBooks and Arts\t\t\t\t', '\nNature\n | \n\t\t\t\t\t\t\t\t\t\tBooks and Arts\n\t\t\t\t\t\t\t\t\t\t\t\t\t\t\t\t\t', '\nNature\n | \n\t\t\t\t\t\t\t\t\tBooks and Arts\n\t\t\t\t\t\t\t\t\t\t\t\t\t\t\t']","['Roger Fouquet', '1']","['Roger Fouquet is an associate professorial research fellow at the Grantham Research Institute on Climate Change and the Environment at the London School of Economics and Political Science.', 'Roger Fouquet is an associate professorial research fellow at the Grantham Research Institute on Climate Change and the Environment at the London School of Economics and Political Science.']","['Nature', '\n\t\t\t544,', '29–30', '(06 April 2017)', 'doi:10.1038/544029a', '\n\t\t\t\t\t\t\t\t\t\t\t\t\t\t\t\t\t\n\t\t\t\t05 April 2017\t\t\t\t\t\t\t']",['\n\t\t\t\t\t\t\t\t\t\t\t\t\t\t\t\t\t\n\t\t\t\t05 April 2017\t\t\t\t\t\t\t'],"['Roger Fouquet', 'Roger Fouquet']",[],"Energy: Muscle, steam and combustion"
"['\nNature |\n\t\t\t\t\tLetter\t\t\t\t', '\nNature\n | \n\t\t\t\t\t\t\t\t\t\tLetter\n\t\t\t\t\t\t\t\t\t\t\t\t\t\t\t\t\t', '\nNature\n | \n\t\t\t\t\t\t\t\t\tLetter\n\t\t\t\t\t\t\t\t\t\t\t\t\t\t\t']","['Ge Wu', '1', 'Ka-Cheung Chan', '1', 'Linli Zhu', '1', '2', 'Ligang Sun', '1', 'Jian Lu', '1', '3']","['Department of Mechanical and Biomedical Engineering, City University of Hong Kong, Kowloon, Hong Kong, China', 'Department of Engineering Mechanics and Key Laboratory of Soft Machines and Smart Devices of Zhejiang Province, Zhejiang University, Hangzhou 310027, China', 'Centre for Advanced Structural Materials, City University of Hong Kong, Shenzhen Research Institute, 8 Yuexing 1st Road, Shenzhen Hi-Tech Industrial Park, Nanshan District, Shenzhen, China']","['Nature', '(2017)', 'doi:10.1038/nature21691', '\n\t\t\t\t\t\t\t\t\t\t\t\t\t\t\t19 July 2016\n\t\t\t\t\t\t\t\t\t\t\t\t', '\n\t\t\t\t\t\t\t\t\t\t\t\t\t\t\t03 February 2017\n\t\t\t\t\t\t\t\t\t\t\t\t', '\n\t\t\t\t\t\t\t\t\t\t\t\t\t\t\t\t\t\n\t\t\t\t05 April 2017\t\t\t\t\t\t\t']","['\n\t\t\t\t\t\t\t\t\t\t\t\t\t\t\t19 July 2016\n\t\t\t\t\t\t\t\t\t\t\t\t', '\n\t\t\t\t\t\t\t\t\t\t\t\t\t\t\t03 February 2017\n\t\t\t\t\t\t\t\t\t\t\t\t', '\n\t\t\t\t\t\t\t\t\t\t\t\t\t\t\t\t\t\n\t\t\t\t05 April 2017\t\t\t\t\t\t\t']",['Jian Lu'],[],Dual-phase nanostructuring as a route to high-strength magnesium alloys
[],[],[],[],[],[],[],Fish-inspired robot leaves rivals in its wake
"['\nNature |\n\t\t\t\t\tNews & Views\t\t\t\t', '\nNature\n | \n\t\t\t\t\t\t\t\t\t\tNews and Views\n\t\t\t\t\t\t\t\t\t\t\t\t\t\t\t\t\t', '\nNature\n | \n\t\t\t\t\t\t\t\t\tNews and Views\n\t\t\t\t\t\t\t\t\t\t\t\t\t\t\t']","['Andrew A. Rosenberg', '1']","['Andrew A. Rosenberg is at the Center for Science and Democracy, Union of Concerned Scientists, Cambridge, Massachusetts 02138, USA.']","['Nature', '(2017)', 'doi:10.1038/nature21906', '\n\t\t\t\t\t\t\t\t\t\t\t\t\t\t\t\t\t\n\t\t\t\t05 April 2017\t\t\t\t\t\t\t']",['\n\t\t\t\t\t\t\t\t\t\t\t\t\t\t\t\t\t\n\t\t\t\t05 April 2017\t\t\t\t\t\t\t'],['Andrew A. Rosenberg'],[],Marine conservation: The race to fish slows down
"['\nNature |\n\t\t\t\t\tLetter\t\t\t\t\tOpen ', '\nNature\n | \n\t\t\t\t\t\t\t\t\t\tLetter\n\t\t\t\t\t\t\t\t\t\t\t\t\t\t\t\t\t', '\nNature\n | \n\t\t\t\t\t\t\t\t\tLetter\n\t\t\t\t\t\t\t\t\t\t\t\t\t\t\t']","['Michael R. Hall', '1', '*', 'Kevin M. Kocot', '2', '*', '†', 'Kenneth W. Baughman', '3', '*', 'Selene L. Fernandez-Valverde', '2', '†', 'Marie E. A. Gauthier', '2', 'William L. Hatleberg', '2', 'Arunkumar Krishnan', '2', 'Carmel McDougall', '2', 'Cherie A. Motti', '1', 'Eiichi Shoguchi', '3', 'Tianfang Wang', '4', 'Xueyan Xiang', '2', 'Min Zhao', '2', '4', 'Utpal Bose', '1', '4', 'Chuya Shinzato', '3', 'Kanako Hisata', '3', 'Manabu Fujie', '5', 'Miyuki Kanda', '5', 'Scott F. Cummins', '4', 'Noriyuki Satoh', '3', 'Sandie M. Degnan', '2', 'Bernard M. Degnan', '2']","['Australian Institute of Marine Science (AIMS), Cape Ferguson, Townsville, Queensland 4810, Australia', 'Centre for Marine Science, School of Biological Sciences, The University of Queensland, Brisbane, Queensland 4072, Australia', 'Marine Genomics Unit, Okinawa Institute of Science and Technology Graduate University, Onna, Okinawa 904-0495, Japan', 'Genecology Research Centre, University of the Sunshine Coast, Maroochydore DC, Queensland 4558, Australia', 'DNA Sequencing Section, Okinawa Institute of Science and Technology Graduate University, Onna, Okinawa 904-0495, Japan']","['Nature', '(2017)', 'doi:10.1038/nature22033', '\n\t\t\t\t\t\t\t\t\t\t\t\t\t\t\t21 June 2016\n\t\t\t\t\t\t\t\t\t\t\t\t', '\n\t\t\t\t\t\t\t\t\t\t\t\t\t\t\t05 March 2017\n\t\t\t\t\t\t\t\t\t\t\t\t', '\n\t\t\t\t\t\t\t\t\t\t\t\t\t\t\t\t\t\n\t\t\t\t05 April 2017\t\t\t\t\t\t\t']","['\n\t\t\t\t\t\t\t\t\t\t\t\t\t\t\t21 June 2016\n\t\t\t\t\t\t\t\t\t\t\t\t', '\n\t\t\t\t\t\t\t\t\t\t\t\t\t\t\t05 March 2017\n\t\t\t\t\t\t\t\t\t\t\t\t', '\n\t\t\t\t\t\t\t\t\t\t\t\t\t\t\t\t\t\n\t\t\t\t05 April 2017\t\t\t\t\t\t\t']",['Bernard M. Degnan'],[],The crown-of-thorns starfish genome as a guide for biocontrol of this coral reef pest
"['\nNature |\n\t\t\t\t\tNews & Views\t\t\t\t', '\nNature\n']","['Young Duck Kim', '1', 'James Hone', '2']","['Young Duck Kim is in the Department of Physics and Center for Humanities and Sciences, Kyung Hee University, Seoul 02447, Republic of Korea.', 'James Hone is in the Department of Mechanical Engineering, Columbia University, New York, New York 10027, USA.']","['Nature', '(2017)', 'doi:10.1038/nature21908', '\n\t\t\t\t\t\t\t\t\t\t\t\t\t\t\t\t\t\n\t\t\t\t05 April 2017\t\t\t\t\t\t\t']",['\n\t\t\t\t\t\t\t\t\t\t\t\t\t\t\t\t\t\n\t\t\t\t05 April 2017\t\t\t\t\t\t\t'],"['Young Duck Kim', 'James Hone']",[],Materials Science: Screen printing of 2D semiconductors
"['\nNature |\n\t\t\t\t\tArticle\t\t\t\t', '\nNature\n | \n\t\t\t\t\t\t\t\t\t\tArticle\n\t\t\t\t\t\t\t\t\t\t\t\t\t\t\t\t\t', '\nNature\n | \n\t\t\t\t\t\t\t\t\tLetter\n\t\t\t\t\t\t\t\t\t\t\t\t\t\t\t']","['Haitao Zhang', '1', '2', 'Gye Won Han', '1', 'Alexander Batyuk', '3', 'Andrii Ishchenko', '1', 'Kate L. White', '1', '4', 'Nilkanth Patel', '4', 'Anastasiia Sadybekov', '1', 'Beata Zamlynny', '5', 'Michael T. Rudd', '6', 'Kaspar Hollenstein', '6', 'Alexandra Tolstikova', '7', '8', 'Thomas A. White', '7', 'Mark S. Hunter', '3', 'Uwe Weierstall', '9', 'Wei Liu', '10', 'Kerim Babaoglu', '6', 'Eric L. Moore', '6', 'Ryan D. Katz', '11', 'Jennifer M. Shipman', '11', 'Margarita Garcia-Calvo', '5', 'Sujata Sharma', '11', 'Payal Sheth', '5', 'Stephen M. Soisson', '6', 'Raymond C. Stevens', '1', '4', 'Vsevolod Katritch', '1', '4', 'Vadim Cherezov', '1']","['Department of Chemistry, Bridge Institute, University of Southern California, Los Angeles, California 90089, USA', 'Institute of Pharmacology and Toxicology, College of Pharmaceutical Sciences, Zhejiang University, 866 Yuhangtang Road, Hangzhou, Zhejiang 310058, China', 'Linac Coherent Light Source, SLAC National Accelerator Laboratory, 2575 Sand Hill Road, Menlo Park, California 94025, USA', 'Department of Biological Sciences, Bridge Institute, University of Southern California, Los Angeles, California 90089, USA', 'MRL, Merck & Co., Inc., 2015 Galloping Hill Road, Kenilworth, New Jersey 07033, USA', 'MRL, Merck & Co., Inc., 770 Sumneytown Pike, West Point, Pennsylvania 19486, USA', 'Center for Free Electron Laser Science, Deutsches Elektronen-Synchrotron DESY, Notkestraße 85, 22607 Hamburg, Germany', 'Department of Physics, University of Hamburg, Luruper Chaussee 149, 22761 Hamburg, Germany', 'Department of Physics, Arizona State University, Tempe, Arizona 85287, USA', 'School of Molecular Sciences and Biodesign Center for Applied Structural Discovery, Biodesign Institute, Arizona State University, Tempe, Arizona 85287, USA', 'MRL, Merck & Co., Inc., 503 Louise Lane, North Wales, Pennsylvania 19454, USA']","['Nature', '(2017)', 'doi:10.1038/nature22035', '\n\t\t\t\t\t\t\t\t\t\t\t\t\t\t\t21 December 2016\n\t\t\t\t\t\t\t\t\t\t\t\t', '\n\t\t\t\t\t\t\t\t\t\t\t\t\t\t\t03 March 2017\n\t\t\t\t\t\t\t\t\t\t\t\t', '\n\t\t\t\t\t\t\t\t\t\t\t\t\t\t\t\t\t\n\t\t\t\t05 April 2017\t\t\t\t\t\t\t']","['\n\t\t\t\t\t\t\t\t\t\t\t\t\t\t\t21 December 2016\n\t\t\t\t\t\t\t\t\t\t\t\t', '\n\t\t\t\t\t\t\t\t\t\t\t\t\t\t\t03 March 2017\n\t\t\t\t\t\t\t\t\t\t\t\t', '\n\t\t\t\t\t\t\t\t\t\t\t\t\t\t\t\t\t\n\t\t\t\t05 April 2017\t\t\t\t\t\t\t']","['Vadim Cherezov', 'Vsevolod Katritch']",[],Structural basis for selectivity and diversity in angiotensin II receptors
"['\nNature |\n\t\t\t\t\tFutures\t\t\t\t', '\nNature\n | \n\t\t\t\t\t\t\t\t\t\tCorrigendum\n\t\t\t\t\t\t\t\t\t\t\t\t\t\t\t\t\t']","['Graham Robert Scott', '1']","[""Graham Robert Scott is an English professor and former journalist. He teaches writing and rhetoric at Texas Woman's University.""]","['Nature', '\n\t\t\t544,', '132', '(06 April 2017)', 'doi:10.1038/544132a', '\n\t\t\t\t\t\t\t\t\t\t\t\t\t\t\t\t\t\n\t\t\t\t05 April 2017\t\t\t\t\t\t\t']",['\n\t\t\t\t\t\t\t\t\t\t\t\t\t\t\t\t\t\n\t\t\t\t05 April 2017\t\t\t\t\t\t\t'],[],[],Cold comforts
"['\nNature |\n\t\t\t\t\tArticle\t\t\t\t', '\nNature\n | \n\t\t\t\t\t\t\t\t\t\tNews and Views\n\t\t\t\t\t\t\t\t\t\t\t\t\t\t\t\t\t', '\nNature\n | \n\t\t\t\t\t\t\t\t\tArticle\n\t\t\t\t\t\t\t\t\t\t\t\t\t\t\t']","['M. Agostini', '1', 'M. Allardt', '2', 'A. M. Bakalyarov', '3', 'M. Balata', '1', 'I. Barabanov', '4', 'L. Baudis', '5', 'C. Bauer', '6', 'E. Bellotti', '7', '8', 'S. Belogurov', '4', '9', 'S. T. Belyaev', '3', 'G. Benato', '5', 'A. Bettini', '10', '11', 'L. Bezrukov', '4', 'T. Bode', '12', 'D. Borowicz', '13', '14', 'V. Brudanin', '14', 'R. Brugnera', '10', '11', 'A. Caldwell', '15', 'C. Cattadori', '8', 'A. Chernogorov', '9', 'V. D’Andrea', '1', 'E. V. Demidova', '9', 'N. Di Marco', '1', 'A. di Vacri', '1', 'A. Domula', '2', 'E. Doroshkevich', '4', 'V. Egorov', '14', 'R. Falkenstein', '16', 'O. Fedorova', '4', 'K. Freund', '16', 'N. Frodyma', '13', 'A. Gangapshev', '4', '6', 'A. Garfagnini', '10', '11', 'C. Gooch', '15', 'P. Grabmayr', '16', 'V. Gurentsov', '4', 'K. Gusev', '3', '12', '14', 'J. Hakenmüller', '6', 'A. Hegai', '16', 'M. Heisel', '6', 'S. Hemmer', '10', '11', 'W. Hofmann', '6', 'M. Hult', '17', 'L. V. Inzhechik', '4', 'J. Janicskó Csáthy', '12', 'J. Jochum', '16', 'M. Junker', '1', 'V. Kazalov', '4', 'T. Kihm', '6', 'I. V. Kirpichnikov', '9', 'A. Kirsch', '6', 'A. Kish', '5', 'A. Klimenko', '6', '14', 'R. Kneißl', '15', 'K. T. Knöpfle', '6', 'O. Kochetov', '14', 'V. N. Kornoukhov', '4', '9', 'V. V. Kuzminov', '4', 'M. Laubenstein', '1', 'A. Lazzaro', '12', 'V. I. Lebedev', '3', 'B. Lehnert', '2', 'H. Y. Liao', '15', 'M. Lindner', '6', 'I. Lippi', '11', 'A. Lubashevskiy', '6', '14', 'B. Lubsandorzhiev', '4', 'G. Lutter', '17', 'C. Macolino', '1', 'B. Majorovits', '15', 'W. Maneschg', '6', 'E. Medinaceli', '10', '11', 'M. Miloradovic', '5', 'R. Mingazheva', '5', 'M. Misiaszek', '13', 'P. Moseev', '4', 'I. Nemchenok', '14', 'D. Palioselitis', '15', 'K. Panas', '13', 'L. Pandola', '18', 'K. Pelczar', '13', 'A. Pullia', '19', 'S. Riboldi', '19', 'N. Rumyantseva', '14', 'C. Sada', '10', '11', 'F. Salamida', '8', 'M. Salathe', '6', 'C. Schmitt', '16', 'B. Schneider', '2', 'S. Schönert', '12', 'J. Schreiner', '6', 'O. Schulz', '15', 'A.-K. Schütz', '16', 'B. Schwingenheuer', '6', 'O. Selivanenko', '4', 'E. Shevchik', '14', 'M. Shirchenko', '14', 'H. Simgen', '6', 'A. Smolnikov', '6', '14', 'L. Stanco', '11', 'L. Vanhoefer', '15', 'A. A. Vasenko', '9', 'A. Veresnikova', '4', 'K. von Sturm', '10', '11', 'V. Wagner', '6', 'M. Walter', '5', 'A. Wegmann', '6', 'T. Wester', '2', 'C. Wiesinger', '12', 'M. Wojcik', '13', 'E. Yanovich', '4', 'I. Zhitnikov', '14', 'S. V. Zhukov', '3', 'D. Zinatulina', '14', 'K. Zuber', '2', 'G. Zuzel', '13', 'The GERDA Collaboration']","['INFN Laboratori Nazionali del Gran Sasso and Gran Sasso Science Institute, Assergi, Italy', 'Institut für Kern- und Teilchenphysik, Technische Universität Dresden, Dresden, Germany', 'National Research Centre “Kurchatov Institute”, Moscow, Russia', 'Institute for Nuclear Research of the Russian Academy of Sciences, Moscow, Russia', 'Physik Institut der Universität Zürich, Zurich, Switzerland', 'Max-Planck-Institut für Kernphysik, Heidelberg, Germany', 'Dipartimento di Fisica, Università Milano Bicocca, Milan, Italy', 'INFN Milano Bicocca, Milan, Italy', 'Institute for Theoretical and Experimental Physics, Moscow, Russia', 'Dipartimento di Fisica e Astronomia dell ‘Università di Padova, Padua, Italy', 'INFN Padova, Padua, Italy', 'Physik Department and Excellence Cluster Universe, Technische Universität München, Germany', 'Institute of Physics, Jagiellonian University, Cracow, Poland', 'Joint Institute for Nuclear Research, Dubna, Russia', 'Max-Planck-Institut für Physik, Munich, Germany', 'Physikalisches Institut, Eberhard Karls Universität Tübingen, Tübingen, Germany', 'European Commission, JRC-Geel, Geel, Belgium', 'INFN Laboratori Nazionali del Sud, Catania, Italy', 'Dipartimento di Fisica, Università degli Studi di Milano e INFN Milano, Milan, Italy', 'The GERDA Collaboration']","['Nature', '\n\t\t\t544,', '47–52', '(06 April 2017)', 'doi:10.1038/nature21717', '\n\t\t\t\t\t\t\t\t\t\t\t\t\t\t\t22 November 2016\n\t\t\t\t\t\t\t\t\t\t\t\t', '\n\t\t\t\t\t\t\t\t\t\t\t\t\t\t\t19 February 2017\n\t\t\t\t\t\t\t\t\t\t\t\t', '\n\t\t\t\t\t\t\t\t\t\t\t\t\t\t\t\t\t\n\t\t\t\t05 April 2017\t\t\t\t\t\t\t']","['\n\t\t\t\t\t\t\t\t\t\t\t\t\t\t\t22 November 2016\n\t\t\t\t\t\t\t\t\t\t\t\t', '\n\t\t\t\t\t\t\t\t\t\t\t\t\t\t\t19 February 2017\n\t\t\t\t\t\t\t\t\t\t\t\t', '\n\t\t\t\t\t\t\t\t\t\t\t\t\t\t\t\t\t\n\t\t\t\t05 April 2017\t\t\t\t\t\t\t']",[],"['Experimental particle physics', 'Experimental nuclear physics']",Background-free search for neutrinoless double-β decay of 76Ge with GERDA
"['\nNature |\n\t\t\t\t\tBooks and Arts\t\t\t\t', '\nNature\n | \n\t\t\t\t\t\t\t\t\t\tBooks and Arts\n\t\t\t\t\t\t\t\t\t\t\t\t\t\t\t\t\t', '\nNature\n | \n\t\t\t\t\t\t\t\t\tCorrespondence\n\t\t\t\t\t\t\t\t\t\t\t\t\t\t\t']","['Robert P. Crease', '1']","['Robert P. Crease is a professor in the philosophy department at Stony Brook University, New York, and co-editor-in-chief of Physics in Perspective.', 'Robert P. Crease is a professor in the philosophy department at Stony Brook University, New York, and co-editor-in-chief of Physics in Perspective.']","['Nature', '\n\t\t\t544,', '34', '(06 April 2017)', 'doi:10.1038/544034a', '\n\t\t\t\t\t\t\t\t\t\t\t\t\t\t\t\t\t\n\t\t\t\t05 April 2017\t\t\t\t\t\t\t']",['\n\t\t\t\t\t\t\t\t\t\t\t\t\t\t\t\t\t\n\t\t\t\t05 April 2017\t\t\t\t\t\t\t'],"['Robert P. Crease', 'Robert P. Crease']",[],Physics: Revelations of fundamental science
"['\nNature |\n\t\t\t\t\tCorrespondence\t\t\t\t', '\nNature\n | \n\t\t\t\t\t\t\t\t\t\tBooks and Arts\n\t\t\t\t\t\t\t\t\t\t\t\t\t\t\t\t\t', '\nNature\n | \n\t\t\t\t\t\t\t\t\tCorrespondence\n\t\t\t\t\t\t\t\t\t\t\t\t\t\t\t']","['Matthias Fladung', '1']","['Thünen Institute of Forest Genetics, Grosshansdorf, Germany.']","['Nature', '\n\t\t\t544,', '35', '(06 April 2017)', 'doi:10.1038/544035a', '\n\t\t\t\t\t\t\t\t\t\t\t\t\t\t\t\t\t\n\t\t\t\t05 April 2017\t\t\t\t\t\t\t']",['\n\t\t\t\t\t\t\t\t\t\t\t\t\t\t\t\t\t\n\t\t\t\t05 April 2017\t\t\t\t\t\t\t'],['Matthias Fladung'],"['Genetics', 'Agriculture', 'Policy']",Gene editing: Debate is failing Europe's geneticists
"['\nNature |\n\t\t\t\t\tBooks and Arts\t\t\t\t', '\nNature\n | \n\t\t\t\t\t\t\t\t\t\tBooks and Arts\n\t\t\t\t\t\t\t\t\t\t\t\t\t\t\t\t\t', '\nNature\n | \n\t\t\t\t\t\t\t\t\tBooks and Arts\n\t\t\t\t\t\t\t\t\t\t\t\t\t\t\t']","['Rosalind Metcalfe', '1']","['Rosalind Metcalfe is Nature’s Books & Arts editorial assistant.', 'Rosalind Metcalfe is Nature’s Books & Arts editorial assistant.']","['Nature', '\n\t\t\t544,', '28–34', '(06 April 2017)', 'doi:10.1038/544028b', '\n\t\t\t\t\t\t\t\t\t\t\t\t\t\t\t\t\t\n\t\t\t\t05 April 2017\t\t\t\t\t\t\t']",['\n\t\t\t\t\t\t\t\t\t\t\t\t\t\t\t\t\t\n\t\t\t\t05 April 2017\t\t\t\t\t\t\t'],[],[],New in Paperback
"['\nNature |\n\t\t\t\t\tCorrespondence\t\t\t\t', '\nNature\n | \n\t\t\t\t\t\t\t\t\t\tCorrespondence\n\t\t\t\t\t\t\t\t\t\t\t\t\t\t\t\t\t', '\nNature\n | \n\t\t\t\t\t\t\t\t\tCorrespondence\n\t\t\t\t\t\t\t\t\t\t\t\t\t\t\t']","['Robert Tijssen', '1', 'Alfredo Yegros', '1']","['Leiden University, the Netherlands.']","['Nature', '\n\t\t\t544,', '35', '(06 April 2017)', 'doi:10.1038/544035c', '\n\t\t\t\t\t\t\t\t\t\t\t\t\t\t\t\t\t\n\t\t\t\t05 April 2017\t\t\t\t\t\t\t']",['\n\t\t\t\t\t\t\t\t\t\t\t\t\t\t\t\t\t\n\t\t\t\t05 April 2017\t\t\t\t\t\t\t'],['Robert Tijssen'],"['Publishing', 'Research management', 'Politics']",Brexit: UK universities and European industry
"['\nNature |\n\t\t\t\t\tCorrespondence\t\t\t\t', '\nNature\n | \n\t\t\t\t\t\t\t\t\t\tCorrespondence\n\t\t\t\t\t\t\t\t\t\t\t\t\t\t\t\t\t', '\nNature\n | \n\t\t\t\t\t\t\t\t\tNews and Views\n\t\t\t\t\t\t\t\t\t\t\t\t\t\t\t']","['Ole John Nielsen', '1']","['University of Copenhagen, Denmark.']","['Nature', '\n\t\t\t544,', '35', '(06 April 2017)', 'doi:10.1038/544035e', '\n\t\t\t\t\t\t\t\t\t\t\t\t\t\t\t\t\t\n\t\t\t\t05 April 2017\t\t\t\t\t\t\t']",['\n\t\t\t\t\t\t\t\t\t\t\t\t\t\t\t\t\t\n\t\t\t\t05 April 2017\t\t\t\t\t\t\t'],['Ole John Nielsen'],"['Communication', 'History', 'Research management']",Outreach: Local problems are a low research priority
[],[],[],[],[],[],[],Hummingbirds spur on rapid plant evolution 
"['\nNature |\n\t\t\t\t\tLetter\t\t\t\t', '\nNature\n | \n\t\t\t\t\t\t\t\t\t\tLetter\n\t\t\t\t\t\t\t\t\t\t\t\t\t\t\t\t\t', '\nNature\n | \n\t\t\t\t\t\t\t\t\tLetter\n\t\t\t\t\t\t\t\t\t\t\t\t\t\t\t']","['Johannes Felsenberg', '1', 'Oliver Barnstedt', '1', 'Paola Cognigni', '1', 'Suewei Lin', '1', '†', 'Scott Waddell', '1']","['Centre for Neural Circuits and Behaviour, The University of Oxford, Tinsley Building, Mansfield Road, Oxford OX1 3SR, UK']","['Nature', '(2017)', 'doi:10.1038/nature21716', '\n\t\t\t\t\t\t\t\t\t\t\t\t\t\t\t24 August 2016\n\t\t\t\t\t\t\t\t\t\t\t\t', '\n\t\t\t\t\t\t\t\t\t\t\t\t\t\t\t21 February 2017\n\t\t\t\t\t\t\t\t\t\t\t\t', '\n\t\t\t\t\t\t\t\t\t\t\t\t\t\t\t\t\t\n\t\t\t\t05 April 2017\t\t\t\t\t\t\t']","['\n\t\t\t\t\t\t\t\t\t\t\t\t\t\t\t24 August 2016\n\t\t\t\t\t\t\t\t\t\t\t\t', '\n\t\t\t\t\t\t\t\t\t\t\t\t\t\t\t21 February 2017\n\t\t\t\t\t\t\t\t\t\t\t\t', '\n\t\t\t\t\t\t\t\t\t\t\t\t\t\t\t\t\t\n\t\t\t\t05 April 2017\t\t\t\t\t\t\t']",['Scott Waddell'],[],Re-evaluation of learned information in Drosophila
"['\nNature |\n\t\t\t\t\tLetter\t\t\t\t', '\nNature\n | \n\t\t\t\t\t\t\t\t\t\tLetter\n\t\t\t\t\t\t\t\t\t\t\t\t\t\t\t\t\t', '\nNature\n | \n\t\t\t\t\t\t\t\t\tLetter\n\t\t\t\t\t\t\t\t\t\t\t\t\t\t\t']","['Moritz Mall', '1', 'Michael S. Kareta', '1', '†', 'Soham Chanda', '1', '2', 'Henrik Ahlenius', '3', 'Nicholas Perotti', '1', 'Bo Zhou', '1', '2', 'Sarah D. Grieder', '1', 'Xuecai Ge', '4', '†', 'Sienna Drake', '3', 'Cheen Euong Ang', '1', 'Brandon M. Walker', '1', 'Thomas Vierbuchen', '1', '†', 'Daniel R. Fuentes', '1', 'Philip Brennecke', '5', '†', 'Kazuhiro R. Nitta', '6', '†', 'Arttu Jolma', '6', 'Lars M. Steinmetz', '5', '7', 'Jussi Taipale', '6', '8', 'Thomas C. Südhof', '2', 'Marius Wernig', '1']","['Department of Pathology and Institute for Stem Cell Biology and Regenerative Medicine, Stanford University, Stanford, California 94305, USA', 'Department of Molecular and Cellular Physiology and Howard Hughes Medical Institute, Stanford University, Stanford, California 94305, USA', 'Department of Clinical Sciences, Division of Neurology and Lund Stem Cell Center, Lund University, 221 84 Lund, Sweden', 'Department of Developmental Biology, Stanford University, Stanford, California 94305, USA', 'Department of Genetics, Stanford University, Stanford, California 94305, USA', 'Division of Functional Genomics and Systems Biology, Department of Medical Biochemistry and Biophysics, Karolinska Institutet, 171 77 Stockholm, Sweden', 'Genome Biology Unit, European Molecular Biology Laboratory (EMBL), 69117 Heidelberg, Germany', 'Genome Scale Biology Program, University of Helsinki, 00014 Helsinki, Finland']","['Nature', '(2017)', 'doi:10.1038/nature21722', '\n\t\t\t\t\t\t\t\t\t\t\t\t\t\t\t05 August 2015\n\t\t\t\t\t\t\t\t\t\t\t\t', '\n\t\t\t\t\t\t\t\t\t\t\t\t\t\t\t23 February 2017\n\t\t\t\t\t\t\t\t\t\t\t\t', '\n\t\t\t\t\t\t\t\t\t\t\t\t\t\t\t\t\t\n\t\t\t\t05 April 2017\t\t\t\t\t\t\t']","['\n\t\t\t\t\t\t\t\t\t\t\t\t\t\t\t05 August 2015\n\t\t\t\t\t\t\t\t\t\t\t\t', '\n\t\t\t\t\t\t\t\t\t\t\t\t\t\t\t23 February 2017\n\t\t\t\t\t\t\t\t\t\t\t\t', '\n\t\t\t\t\t\t\t\t\t\t\t\t\t\t\t\t\t\n\t\t\t\t05 April 2017\t\t\t\t\t\t\t']",['Marius Wernig'],[],Myt1l safeguards neuronal identity by actively repressing many non-neuronal fates
"['\nNature |\n\t\t\t\t\tArticle\t\t\t\t', '\nNature\n | \n\t\t\t\t\t\t\t\t\t\tNews and Views\n\t\t\t\t\t\t\t\t\t\t\t\t\t\t\t\t\t', '\nNature\n | \n\t\t\t\t\t\t\t\t\tArticle\n\t\t\t\t\t\t\t\t\t\t\t\t\t\t\t']","['Shuo Han', '1', '2', 'Elizabeth A. Schroeder', '1', '*', 'Carlos G. Silva-García', '3', '*', 'Katja Hebestreit', '1', 'William B. Mair', '3', 'Anne Brunet', '1', '4']","['Department of Genetics, Stanford University, 300 Pasteur Drive, Stanford, California 94305, USA', 'Genetics Graduate Program, Stanford University, 300 Pasteur Drive, Stanford, California 94305, USA', 'Department of Genetics and Complex Diseases, Harvard T.H. Chan School of Public Health, Boston, Massachusetts 02115, USA', 'Glenn Laboratories for the Biology of Aging, Stanford University, Stanford, California 94305, USA']","['Nature', '(2017)', 'doi:10.1038/nature21686', '\n\t\t\t\t\t\t\t\t\t\t\t\t\t\t\t19 November 2015\n\t\t\t\t\t\t\t\t\t\t\t\t', '\n\t\t\t\t\t\t\t\t\t\t\t\t\t\t\t02 February 2017\n\t\t\t\t\t\t\t\t\t\t\t\t', '\n\t\t\t\t\t\t\t\t\t\t\t\t\t\t\t\t\t\n\t\t\t\t05 April 2017\t\t\t\t\t\t\t']","['\n\t\t\t\t\t\t\t\t\t\t\t\t\t\t\t19 November 2015\n\t\t\t\t\t\t\t\t\t\t\t\t', '\n\t\t\t\t\t\t\t\t\t\t\t\t\t\t\t02 February 2017\n\t\t\t\t\t\t\t\t\t\t\t\t', '\n\t\t\t\t\t\t\t\t\t\t\t\t\t\t\t\t\t\n\t\t\t\t05 April 2017\t\t\t\t\t\t\t']",['Anne Brunet'],[],Mono-unsaturated fatty acids link H3K4me3 modifiers to C. elegans lifespan
"['\nNature |\n\t\t\t\t\tNews & Views\t\t\t\t', '\nNature\n | \n\t\t\t\t\t\t\t\t\t\tNews and Views\n\t\t\t\t\t\t\t\t\t\t\t\t\t\t\t\t\t', '\nNature\n | \n\t\t\t\t\t\t\t\t\tNews and Views\n\t\t\t\t\t\t\t\t\t\t\t\t\t\t\t']","['Mónica Medina', '1']","['Mónica Medina is in the Department of Biology, Eberly College of Science, Pennsylvania State University, State College, Pennsylvania 16802, USA.']","['Nature', '(2017)', 'doi:10.1038/nature21905', '\n\t\t\t\t\t\t\t\t\t\t\t\t\t\t\t\t\t\n\t\t\t\t05 April 2017\t\t\t\t\t\t\t']",['\n\t\t\t\t\t\t\t\t\t\t\t\t\t\t\t\t\t\n\t\t\t\t05 April 2017\t\t\t\t\t\t\t'],['Mónica Medina'],[],Biocontrol: Crown-of-thorns no more
"['\nNature |\n\t\t\t\t\tBooks and Arts\t\t\t\t', '\nNature\n']","['Heaven Crawley', '1']","['Heaven Crawley is chair in international migration at the Centre for Trust, Peace and Social Relations at Coventry University, UK.', 'Heaven Crawley is chair in international migration at the Centre for Trust, Peace and Social Relations at Coventry University, UK.']","['Nature', '\n\t\t\t544,', '26–27', '(06 April 2017)', 'doi:10.1038/544026a', '\n\t\t\t\t\t\t\t\t\t\t\t\t\t\t\t\t\t\n\t\t\t\t05 April 2017\t\t\t\t\t\t\t']",['\n\t\t\t\t\t\t\t\t\t\t\t\t\t\t\t\t\t\n\t\t\t\t05 April 2017\t\t\t\t\t\t\t'],"['Heaven Crawley', 'Heaven Crawley']",[],Migration: Refugee economics
"['\nNature |\n\t\t\t\t\tLetter\t\t\t\t', '\nNature\n | \n\t\t\t\t\t\t\t\t\t\tArticle\n\t\t\t\t\t\t\t\t\t\t\t\t\t\t\t\t\t', '\nNature\n | \n\t\t\t\t\t\t\t\t\tLetter\n\t\t\t\t\t\t\t\t\t\t\t\t\t\t\t']","['Karl Glazebrook', '1', 'Corentin Schreiber', '2', 'Ivo Labbé', '2', 'Themiya Nanayakkara', '1', 'Glenn G. Kacprzak', '1', 'Pascal A. Oesch', '3', 'Casey Papovich', '4', 'Lee R Spitler', '5', '6', 'Caroline M. S. Straatman', '7', 'Kim-Vy H. Tran', '4', 'Tiantian Yuan', '8']","['Centre for Astrophysics and Supercomputing, Swinburne University of Technology, PO Box 218, Hawthorn, Victoria 3122, Australia', 'Leiden Observatory, Leiden University, PO Box 9513, 2300 RA Leiden, The Netherlands', 'Geneva Observatory, University of Geneva, Chemin des Maillettes 51, 1290 Versoix, Switzerland', 'George P. and Cynthia W. Mitchell Institute for Fundamental Physics and Astronomy, Department of Physics and Astronomy, Texas A&M University, College Station, Texas 77843, USA', 'Macquarie Research Centre for Astronomy, Astrophysics and Astrophotonics, Macquarie University, Sydney, New South Wales 2109, Australia', 'Australian Astronomical Observatory, PO Box 915, North Ryde, New South Wales 1670, Australia', 'Max Planck Institute for Astronomy, Königstuhl 17, 69117 Heidelberg, Germany', 'Research School of Astronomy and Astrophysics, The Australian National University, Cotter Road, Weston Creek, Australian Capital Territory 2611, Australia']","['Nature', '\n\t\t\t544,', '71–74', '(06 April 2017)', 'doi:10.1038/nature21680', '\n\t\t\t\t\t\t\t\t\t\t\t\t\t\t\t06 November 2016\n\t\t\t\t\t\t\t\t\t\t\t\t', '\n\t\t\t\t\t\t\t\t\t\t\t\t\t\t\t31 January 2017\n\t\t\t\t\t\t\t\t\t\t\t\t', '\n\t\t\t\t\t\t\t\t\t\t\t\t\t\t\t\t\t\n\t\t\t\t05 April 2017\t\t\t\t\t\t\t']","['\n\t\t\t\t\t\t\t\t\t\t\t\t\t\t\t06 November 2016\n\t\t\t\t\t\t\t\t\t\t\t\t', '\n\t\t\t\t\t\t\t\t\t\t\t\t\t\t\t31 January 2017\n\t\t\t\t\t\t\t\t\t\t\t\t', '\n\t\t\t\t\t\t\t\t\t\t\t\t\t\t\t\t\t\n\t\t\t\t05 April 2017\t\t\t\t\t\t\t']",['Karl Glazebrook'],"['Galaxies and clusters', 'Cosmology']","A massive, quiescent galaxy at a redshift of 3.717"
"['\nNature |\n\t\t\t\t\tLetter\t\t\t\t', '\nNature\n | \n\t\t\t\t\t\t\t\t\t\tArticle\n\t\t\t\t\t\t\t\t\t\t\t\t\t\t\t\t\t', '\nNature\n | \n\t\t\t\t\t\t\t\t\tLetter\n\t\t\t\t\t\t\t\t\t\t\t\t\t\t\t']","['Anna M. Birkenbach', '1', '2', 'David J. Kaczan', '1', '2', 'Martin D. Smith', '1', '3']","['Nicholas School of the Environment, Duke University, Durham, North Carolina 27708, USA', 'Sanford School of Public Policy, Duke University, Durham, North Carolina 27708, USA', 'Department of Economics, Duke University, Durham, North Carolina 27708, USA']","['Nature', '(2017)', 'doi:10.1038/nature21728', '\n\t\t\t\t\t\t\t\t\t\t\t\t\t\t\t26 August 2016\n\t\t\t\t\t\t\t\t\t\t\t\t', '\n\t\t\t\t\t\t\t\t\t\t\t\t\t\t\t27 February 2017\n\t\t\t\t\t\t\t\t\t\t\t\t', '\n\t\t\t\t\t\t\t\t\t\t\t\t\t\t\t\t\t\n\t\t\t\t05 April 2017\t\t\t\t\t\t\t']","['\n\t\t\t\t\t\t\t\t\t\t\t\t\t\t\t26 August 2016\n\t\t\t\t\t\t\t\t\t\t\t\t', '\n\t\t\t\t\t\t\t\t\t\t\t\t\t\t\t27 February 2017\n\t\t\t\t\t\t\t\t\t\t\t\t', '\n\t\t\t\t\t\t\t\t\t\t\t\t\t\t\t\t\t\n\t\t\t\t05 April 2017\t\t\t\t\t\t\t']",['Martin D. Smith'],[],Catch shares slow the race to fish
"['\nNature |\n\t\t\t\t\tNews & Views\t\t\t\t', '\nNature\n | \n\t\t\t\t\t\t\t\t\t\tNews and Views\n\t\t\t\t\t\t\t\t\t\t\t\t\t\t\t\t\t', '\nNature\n | \n\t\t\t\t\t\t\t\t\tArticle\n\t\t\t\t\t\t\t\t\t\t\t\t\t\t\t']","['Christopher G. Tate', '1']","['Christopher G. Tate is in the Department of Structural Studies, Medical Research Council Laboratory of Molecular Biology, Cambridge CB2 0QH, UK.']","['Nature', '(2017)', 'doi:10.1038/nature21907', '\n\t\t\t\t\t\t\t\t\t\t\t\t\t\t\t\t\t\n\t\t\t\t05 April 2017\t\t\t\t\t\t\t']",['\n\t\t\t\t\t\t\t\t\t\t\t\t\t\t\t\t\t\n\t\t\t\t05 April 2017\t\t\t\t\t\t\t'],['Christopher G. Tate'],[],Structural biology: A receptor that might block itself
[],[],[],[],[],[],[],Earth’s temperatures could shatter a half-billion-year-old record
[],[],[],[],[],[],[],Hot graphene sponge mops up oil fast
"['\nNature |\n\t\t\t\t\tLetter\t\t\t\t', '\nNature\n']","['Michael W. Anderson', '1', 'James T. Gebbie-Rayet', '1', '†', 'Adam R. Hill', '1', 'Nani Farida', '1', 'Martin P. Attfield', '1', 'Pablo Cubillas', '1', '†', 'Vladislav A. Blatov', '2', '3', 'Davide M. Proserpio', '2', '4', 'Duncan Akporiaye', '5', 'Bjørnar Arstad', '5', 'Julian D. Gale', '6']","['Centre for Nanoporous Materials, School of Chemistry, The University of Manchester, Oxford Road, Manchester M13 9PL, UK', 'Samara Center for Theoretical Materials Science (SCTMS), Samara University, Academician Pavlov Street 1, Samara 443011, Russia', 'School of Materials Science and Engineering, Northwestern Polytechnical University, Xi’an, Shaanxi 710072, China', 'Università degli Studi di Milano, Dipartimento di Chimica, Via Camillo Golgi 19, 20133 Milano, Italy', 'SINTEF Materials and Chemistry, PO Box 124, Blindern, 0314 Oslo, Norway', 'Curtin Institute for Computation, Department of Chemistry, Curtin University, GPO Box U1987, Perth, Western Australia 6845, Australia']","['Nature', '(2017)', 'doi:10.1038/nature21684', '\n\t\t\t\t\t\t\t\t\t\t\t\t\t\t\t05 October 2016\n\t\t\t\t\t\t\t\t\t\t\t\t', '\n\t\t\t\t\t\t\t\t\t\t\t\t\t\t\t01 February 2017\n\t\t\t\t\t\t\t\t\t\t\t\t', '\n\t\t\t\t\t\t\t\t\t\t\t\t\t\t\t\t\t\n\t\t\t\t03 April 2017\t\t\t\t\t\t\t']","['\n\t\t\t\t\t\t\t\t\t\t\t\t\t\t\t05 October 2016\n\t\t\t\t\t\t\t\t\t\t\t\t', '\n\t\t\t\t\t\t\t\t\t\t\t\t\t\t\t01 February 2017\n\t\t\t\t\t\t\t\t\t\t\t\t', '\n\t\t\t\t\t\t\t\t\t\t\t\t\t\t\t\t\t\n\t\t\t\t03 April 2017\t\t\t\t\t\t\t']",['Michael W. Anderson'],[],Predicting crystal growth via a unified kinetic three-dimensional partition model
"['\nNature |\n\t\t\t\t\tLetter\t\t\t\t', '\nNature\n | \n\t\t\t\t\t\t\t\t\t\tLetter\n\t\t\t\t\t\t\t\t\t\t\t\t\t\t\t\t\t', '\nNature\n | \n\t\t\t\t\t\t\t\t\tNews and Views\n\t\t\t\t\t\t\t\t\t\t\t\t\t\t\t']","['Lin Tian', '1', '2', '3', 'Amit Goldstein', '1', '2', '4', 'Hai Wang', '1', '2', '4', 'Hin Ching Lo', '1', '2', '5', 'Ik Sun Kim', '1', '2', '5', 'Thomas Welte', '1', '2', '4', 'Kuanwei Sheng', '5', '6', 'Lacey E. Dobrolecki', '1', 'Xiaomei Zhang', '1', 'Nagireddy Putluri', '2', '3', '4', 'Thuy L. Phung', '7', 'Sendurai A. Mani', '8', 'Fabio Stossi', '2', '4', 'Arun Sreekumar', '2', '3', '4', 'Michael A. Mancini', '2', '4', 'William K. Decker', '2', '7', '9', 'Chenghang Zong', '2', '5', '6', '10', 'Michael T. Lewis', '1', '2', '4', 'Xiang H.-F. Zhang', '1', '2', '4', '10']","['Lester and Sue Smith Breast Center, Baylor College of Medicine, One Baylor Plaza, Houston, Texas 77030, USA', 'Dan L. Duncan Cancer Center, Baylor College of Medicine, One Baylor Plaza, Houston, Texas 77030, USA', 'Verna & Marrs McLean Department of Biochemistry and Molecular Biology, Baylor College of Medicine, One Baylor Plaza, Houston, Texas 77030, USA', 'Department of Molecular and Cellular Biology, Baylor College of Medicine, One Baylor Plaza, Houston, Texas 77030, USA', 'Graduate Program in Integrative Molecular and Biomedical Sciences, Baylor College of Medicine, One Baylor Plaza, Houston, Texas 77030, USA', 'Department of Molecular and Human Genetics, Baylor College of Medicine, One Baylor Plaza, Houston, Texas 77030, USA', 'Department of Pathology & Immunology, Baylor College of Medicine, One Baylor Plaza, Houston, Texas 77030, USA', 'Department of Translational Molecular Pathology, MD Anderson Cancer Center, 2130 West Holcombe Boulevard, Houston, Texas 77030, USA', 'Center for Cell and Gene Therapy, Baylor College of Medicine, One Baylor Plaza, Houston, Texas 77030, USA', 'McNair Medical Institute, Baylor College of Medicine, One Baylor Plaza, Houston, Texas 77030, USA']","['Nature', '(2017)', 'doi:10.1038/nature21724', '\n\t\t\t\t\t\t\t\t\t\t\t\t\t\t\t03 February 2016\n\t\t\t\t\t\t\t\t\t\t\t\t', '\n\t\t\t\t\t\t\t\t\t\t\t\t\t\t\t24 February 2017\n\t\t\t\t\t\t\t\t\t\t\t\t', '\n\t\t\t\t\t\t\t\t\t\t\t\t\t\t\t\t\t\n\t\t\t\t03 April 2017\t\t\t\t\t\t\t']","['\n\t\t\t\t\t\t\t\t\t\t\t\t\t\t\t03 February 2016\n\t\t\t\t\t\t\t\t\t\t\t\t', '\n\t\t\t\t\t\t\t\t\t\t\t\t\t\t\t24 February 2017\n\t\t\t\t\t\t\t\t\t\t\t\t', '\n\t\t\t\t\t\t\t\t\t\t\t\t\t\t\t\t\t\n\t\t\t\t03 April 2017\t\t\t\t\t\t\t']",['Xiang H.-F. Zhang'],[],Mutual regulation of tumour vessel normalization and immunostimulatory reprogramming
[],[],[],[],[],[],[],Eyes grafted into tadpole tails may see
"['\nNature |\n\t\t\t\t\tResearch Highlights\t\t\t\t', '\nNature\n | \n\t\t\t\t\t\t\t\t\t\tResearch Highlights\n\t\t\t\t\t\t\t\t\t\t\t\t\t\t\t\t\t', '\nNature\n | \n\t\t\t\t\t\t\t\t\tResearch Highlights\n\t\t\t\t\t\t\t\t\t\t\t\t\t\t\t']",[],[],"['Nature', '\n\t\t\t543,', '592', '(30 March 2017)', 'doi:10.1038/543592c', '\n\t\t\t\t\t\t\t\t\t\t\t\t\t\t\t\t\t\n\t\t\t\t29 March 2017\t\t\t\t\t\t\t']",['\n\t\t\t\t\t\t\t\t\t\t\t\t\t\t\t\t\t\n\t\t\t\t29 March 2017\t\t\t\t\t\t\t'],[],"['Drug discovery', 'Molecular biology']",Molecular biology: Drug stalls protein translation
"['\nNature |\n\t\t\t\t\tArticle\t\t\t\t', '\nNature\n | \n\t\t\t\t\t\t\t\t\t\tArticle\n\t\t\t\t\t\t\t\t\t\t\t\t\t\t\t\t\t', '\nNature\n | \n\t\t\t\t\t\t\t\t\tArticle\n\t\t\t\t\t\t\t\t\t\t\t\t\t\t\t']","['Felipe de Sousa e Melo', '1', 'Antonina V. Kurtova', '1', 'Jonathan M. Harnoss', '2', 'Noelyn Kljavin', '1', 'Joerg D. Hoeck', '1', 'Jeffrey Hung', '3', 'Jeffrey Eastham Anderson', '3', 'Elaine E. Storm', '1', 'Zora Modrusan', '4', 'Hartmut Koeppen', '3', 'Gerrit J. P. Dijkgraaf', '1', 'Robert Piskol', '5', 'Frederic J. de Sauvage', '1']","['Molecular Oncology, Genentech, 1 DNA Way, South San Francisco, California 94080, USA', 'Cancer Immunology, Genentech, 1 DNA Way, South San Francisco, California 94080, USA', 'Research Pathology, Genentech, 1 DNA Way, South San Francisco, California 94080, USA', 'Molecular Biology, Genentech, 1 DNA Way, South San Francisco, California 94080, USA', 'Bioinformatics and Computational Biology, Genentech, 1 DNA Way, South San Francisco, California 94080, USA']","['Nature', '\n\t\t\t543,', '676–680', '(30 March 2017)', 'doi:10.1038/nature21713', '\n\t\t\t\t\t\t\t\t\t\t\t\t\t\t\t20 July 2016\n\t\t\t\t\t\t\t\t\t\t\t\t', '\n\t\t\t\t\t\t\t\t\t\t\t\t\t\t\t18 February 2017\n\t\t\t\t\t\t\t\t\t\t\t\t', '\n\t\t\t\t\t\t\t\t\t\t\t\t\t\t\t\t\t\n\t\t\t\t29 March 2017\t\t\t\t\t\t\t']","['\n\t\t\t\t\t\t\t\t\t\t\t\t\t\t\t20 July 2016\n\t\t\t\t\t\t\t\t\t\t\t\t', '\n\t\t\t\t\t\t\t\t\t\t\t\t\t\t\t18 February 2017\n\t\t\t\t\t\t\t\t\t\t\t\t', '\n\t\t\t\t\t\t\t\t\t\t\t\t\t\t\t\t\t\n\t\t\t\t29 March 2017\t\t\t\t\t\t\t']",['Frederic J. de Sauvage'],"['Metastasis', 'Cancer stem cells', 'Colorectal cancer']",A distinct role for Lgr5+ stem cells in primary and metastatic colon cancer
"['\nNature |\n\t\t\t\t\tLetter\t\t\t\t', '\nNature\n | \n\t\t\t\t\t\t\t\t\t\tLetter\n\t\t\t\t\t\t\t\t\t\t\t\t\t\t\t\t\t', '\nNature\n | \n\t\t\t\t\t\t\t\t\tLetter\n\t\t\t\t\t\t\t\t\t\t\t\t\t\t\t']","['Pavel Chábera', '1', 'Yizhu Liu', '2', 'Om Prakash', '2', 'Erling Thyrhaug', '1', 'Amal El Nahhas', '1', 'Alireza Honarfar', '1', 'Sofia Essén', '2', 'Lisa A. Fredin', '3', 'Tobias C. B. Harlang', '1', '4', 'Kasper S. Kjær', '1', '4', 'Karsten Handrup', '5', 'Fredric Ericson', '3', 'Hideyuki Tatsuno', '1', 'Kelsey Morgan', '6', 'Joachim Schnadt', '5', 'Lennart Häggström', '7', 'Tore Ericsson', '7', 'Adam Sobkowiak', '7', 'Sven Lidin', '2', 'Ping Huang', '8', 'Stenbjörn Styring', '8', 'Jens Uhlig', '1', 'Jesper Bendix', '9', 'Reiner Lomoth', '8', 'Villy Sundström', '1', 'Petter Persson', '3', 'Kenneth Wärnmark', '2']","['Division of Chemical Physics, Department of Chemistry, Lund University, Box 124, SE-22100 Lund, Sweden', 'Center for Analysis and Synthesis (CAS), Department of Chemistry, Lund University, Box 124, SE-22100 Lund, Sweden', 'Division of Theoretical Chemistry, Department of Chemistry, Lund University, Box 124, SE-22100 Lund, Sweden', 'Department of Physics, Technical University of Denmark, DK-2800 Kongens Lyngby, Denmark', 'Division of Synchrotron Radiation Research, Department of Physics, Lund University, Box 118, SE-221 00 Lund, Sweden', 'National Institute of Standards and Technology, Boulder, Colorado 80305, USA', 'Department of Chemistry - Ångström Laboratory, Uppsala University, Box 538, SE-751 21 Uppsala, Sweden', 'Department of Chemistry - Ångström Laboratory, Uppsala University, Box 523, SE-751 20 Uppsala, Sweden', 'Department of Chemistry, University of Copenhagen, Universitetsparken 5, DK-2100 Copenhagen, Denmark']","['Nature', '\n\t\t\t543,', '695–699', '(30 March 2017)', 'doi:10.1038/nature21430', '\n\t\t\t\t\t\t\t\t\t\t\t\t\t\t\t03 August 2016\n\t\t\t\t\t\t\t\t\t\t\t\t', '\n\t\t\t\t\t\t\t\t\t\t\t\t\t\t\t23 January 2017\n\t\t\t\t\t\t\t\t\t\t\t\t', '\n\t\t\t\t\t\t\t\t\t\t\t\t\t\t\t\t\t\n\t\t\t\t29 March 2017\t\t\t\t\t\t\t']","['\n\t\t\t\t\t\t\t\t\t\t\t\t\t\t\t03 August 2016\n\t\t\t\t\t\t\t\t\t\t\t\t', '\n\t\t\t\t\t\t\t\t\t\t\t\t\t\t\t23 January 2017\n\t\t\t\t\t\t\t\t\t\t\t\t', '\n\t\t\t\t\t\t\t\t\t\t\t\t\t\t\t\t\t\n\t\t\t\t29 March 2017\t\t\t\t\t\t\t']",['Kenneth Wärnmark'],"['Organometallic chemistry', 'Light harvesting', 'Solar cells', 'Chemical physics', 'Atomic and molecular interactions with photons']",A low-spin Fe(iii) complex with 100-ps ligand-to-metal charge transfer photoluminescence
"['\nNature |\n\t\t\t\t\tCorrespondence\t\t\t\t', '\nNature\n | \n\t\t\t\t\t\t\t\t\t\tBooks and Arts\n\t\t\t\t\t\t\t\t\t\t\t\t\t\t\t\t\t', '\nNature\n | \n\t\t\t\t\t\t\t\t\tCorrespondence\n\t\t\t\t\t\t\t\t\t\t\t\t\t\t\t']","['Adam Moreno', '1', 'Christine S. Olsen', '2']","['NASA Ames Research Center, Moffett Field, California, USA.', 'Oregon State University, Corvallis, Oregon, USA.']","['Nature', '\n\t\t\t543,', '623', '(30 March 2017)', 'doi:10.1038/543623a', '\n\t\t\t\t\t\t\t\t\t\t\t\t\t\t\t\t\t\n\t\t\t\t29 March 2017\t\t\t\t\t\t\t']",['\n\t\t\t\t\t\t\t\t\t\t\t\t\t\t\t\t\t\n\t\t\t\t29 March 2017\t\t\t\t\t\t\t'],['Adam Moreno'],"['Events', 'Communication']",Science communication: Take rural road trips to promote science
"['\nNature |\n\t\t\t\t\tCorrigendum\t\t\t\t', '\nNature\n | \n\t\t\t\t\t\t\t\t\t\tCorrigendum\n\t\t\t\t\t\t\t\t\t\t\t\t\t\t\t\t\t', '\nNature\n | \n\t\t\t\t\t\t\t\t\tCorrigendum\n\t\t\t\t\t\t\t\t\t\t\t\t\t\t\t']","['Qing Chen', 'Adrienne Boire', 'Xin Jin', 'Manuel Valiente', 'Ekrem Emrah Er', 'Alejandro Lopez-Soto', 'Leni S. Jacob', 'Ruzeen Patwa', 'Hardik Shah', 'Ke Xu', 'Justin R. Cross', 'Joan Massagué']",[],"['Nature', '\n\t\t\t544,', '124', '(06 April 2017)', 'doi:10.1038/nature21730', '\n\t\t\t\t\t\t\t\t\t\t\t\t\t\t\t\t\t\n\t\t\t\t29 March 2017\t\t\t\t\t\t\t']",['\n\t\t\t\t\t\t\t\t\t\t\t\t\t\t\t\t\t\n\t\t\t\t29 March 2017\t\t\t\t\t\t\t'],[],"['Metastasis', 'Cancer microenvironment']",Corrigendum: Carcinoma–astrocyte gap junctions promote brain metastasis by cGAMP transfer
"['\nNature |\n\t\t\t\t\tOutlook\t\t\t\t', '\nNature\n | \n\t\t\t\t\t\t\t\t\t\tOutlook\n\t\t\t\t\t\t\t\t\t\t\t\t\t\t\t\t\t', '\nNature\n | \n\t\t\t\t\t\t\t\t\tOutlook\n\t\t\t\t\t\t\t\t\t\t\t\t\t\t\t']","['Michael Eisenstein', '1']","['Michael Eisenstein is a freelance science writer in Philadelphia, Pennsylvania.']","['Nature', '\n\t\t\t543,', 'S50–S51', '(30 March 2017)', 'doi:10.1038/543S50a', '\n\t\t\t\t\t\t\t\t\t\t\t\t\t\t\t\t\t\n\t\t\t\t29 March 2017\t\t\t\t\t\t\t']",['\n\t\t\t\t\t\t\t\t\t\t\t\t\t\t\t\t\t\n\t\t\t\t29 March 2017\t\t\t\t\t\t\t'],[],"['Diseases', 'Parasitology']",Dogs: The riddle of resistance
[],[],[],[],[],[],[],Seawater chemistry changes drove skeletal evolution
"['\nNature |\n\t\t\t\t\tNews & Views\t\t\t\t', '\nNature\n | \n\t\t\t\t\t\t\t\t\t\tNews and Views\n\t\t\t\t\t\t\t\t\t\t\t\t\t\t\t\t\t', '\nNature\n | \n\t\t\t\t\t\t\t\t\tNews and Views\n\t\t\t\t\t\t\t\t\t\t\t\t\t\t\t']","['Julie-Aurore Losman', '1']","['Julie-Aurore Losman is in the Department of Medical Oncology, Dana-Farber Cancer Institute, Harvard Medical School, Harvard University, Boston, Massachusetts 02215, USA.']","['Nature', '\n\t\t\t543,', '634–635', '(30 March 2017)', 'doi:10.1038/543634a', '\n\t\t\t\t\t\t\t\t\t\t\t\t\t\t\t\t\t\n\t\t\t\t29 March 2017\t\t\t\t\t\t\t']",['\n\t\t\t\t\t\t\t\t\t\t\t\t\t\t\t\t\t\n\t\t\t\t29 March 2017\t\t\t\t\t\t\t'],['Julie-Aurore Losman'],"['Epigenetics', 'Cancer', 'Medical research']",Cancer therapy: The leukaemia epigenome targeted
"['\nNature |\n\t\t\t\t\tTechnology Feature\t\t\t\t', '\nNature\n | \n\t\t\t\t\t\t\t\t\t\tCorrigendum\n\t\t\t\t\t\t\t\t\t\t\t\t\t\t\t\t\t', '\nNature\n | \n\t\t\t\t\t\t\t\t\tFutures\n\t\t\t\t\t\t\t\t\t\t\t\t\t\t\t']","['Rosie Mestel', '1']","['Rosie Mestel is a freelance science writer based in Los Angeles, California.']","['Nature', '\n\t\t\t543,', '743–746', '(30 March 2017)', 'doi:10.1038/543743a', '\n\t\t\t\t\t\t\t\t\t\t\t\t\t\t\t\t\t\n\t\t\t\t29 March 2017\t\t\t\t\t\t\t']",['\n\t\t\t\t\t\t\t\t\t\t\t\t\t\t\t\t\t\n\t\t\t\t29 March 2017\t\t\t\t\t\t\t'],[],"['Cancer', 'Imaging', 'Immunology', 'Therapeutics']",Cancer: Imaging with antibodies
"['\nNature |\n\t\t\t\t\tResearch Highlights\t\t\t\t', '\nNature\n | \n\t\t\t\t\t\t\t\t\t\tResearch Highlights\n\t\t\t\t\t\t\t\t\t\t\t\t\t\t\t\t\t', '\nNature\n | \n\t\t\t\t\t\t\t\t\tResearch Highlights\n\t\t\t\t\t\t\t\t\t\t\t\t\t\t\t']",[],[],"['Nature', '\n\t\t\t543,', '593', '(30 March 2017)', 'doi:10.1038/543593a', '\n\t\t\t\t\t\t\t\t\t\t\t\t\t\t\t\t\t\n\t\t\t\t29 March 2017\t\t\t\t\t\t\t']",['\n\t\t\t\t\t\t\t\t\t\t\t\t\t\t\t\t\t\n\t\t\t\t29 March 2017\t\t\t\t\t\t\t'],[],"['Ageing', 'Cell biology']",Ageing: Senescent cells cleared out
"['\nNature |\n\t\t\t\t\tCorrespondence\t\t\t\t', '\nNature\n | \n\t\t\t\t\t\t\t\t\t\tCorrespondence\n\t\t\t\t\t\t\t\t\t\t\t\t\t\t\t\t\t', '\nNature\n | \n\t\t\t\t\t\t\t\t\tCorrespondence\n\t\t\t\t\t\t\t\t\t\t\t\t\t\t\t']","['Frank Alexander Hamill', '1']","['MRIGlobal, Gaithersburg, USA.']","['Nature', '\n\t\t\t543,', '623', '(30 March 2017)', 'doi:10.1038/543623c', '\n\t\t\t\t\t\t\t\t\t\t\t\t\t\t\t\t\t\n\t\t\t\t29 March 2017\t\t\t\t\t\t\t']",['\n\t\t\t\t\t\t\t\t\t\t\t\t\t\t\t\t\t\n\t\t\t\t29 March 2017\t\t\t\t\t\t\t'],['Frank Alexander Hamill'],"['Virology', 'Research management']",Biosafety: National biosafety standards differ
[],[],[],[],[],[],[],Sewage provides early warning for polio
"['\nNature |\n\t\t\t\t\tOutlook\t\t\t\t', '\nNature\n | \n\t\t\t\t\t\t\t\t\t\tOutlook\n\t\t\t\t\t\t\t\t\t\t\t\t\t\t\t\t\t', '\nNature\n | \n\t\t\t\t\t\t\t\t\tOutlook\n\t\t\t\t\t\t\t\t\t\t\t\t\t\t\t']","['Laura H. Kahn', '1']",['Laura H. Kahn is a physician and research scholar at Princeton University in New Jersey and co-founder of the One Health Initiative.'],"['Nature', '\n\t\t\t543,', 'S47', '(30 March 2017)', 'doi:10.1038/543S47a', '\n\t\t\t\t\t\t\t\t\t\t\t\t\t\t\t\t\t\n\t\t\t\t29 March 2017\t\t\t\t\t\t\t']",['\n\t\t\t\t\t\t\t\t\t\t\t\t\t\t\t\t\t\n\t\t\t\t29 March 2017\t\t\t\t\t\t\t'],['Laura H. Kahn'],['Health care'],Perspective: The one-health way
"['\nNature |\n\t\t\t\t\tResearch Highlights\t\t\t\t', '\nNature\n | \n\t\t\t\t\t\t\t\t\t\tResearch Highlights\n\t\t\t\t\t\t\t\t\t\t\t\t\t\t\t\t\t', '\nNature\n | \n\t\t\t\t\t\t\t\t\tResearch Highlights\n\t\t\t\t\t\t\t\t\t\t\t\t\t\t\t']",[],[],"['Nature', '\n\t\t\t543,', '593', '(30 March 2017)', 'doi:10.1038/543593c', '\n\t\t\t\t\t\t\t\t\t\t\t\t\t\t\t\t\t\n\t\t\t\t29 March 2017\t\t\t\t\t\t\t']",['\n\t\t\t\t\t\t\t\t\t\t\t\t\t\t\t\t\t\n\t\t\t\t29 March 2017\t\t\t\t\t\t\t'],[],"['Asteroids, comets and Kuiper belt', 'Astronomy and astrophysics']",Astronomy: Landslides cause comet eruptions
"['\nNature |\n\t\t\t\t\tCorrespondence\t\t\t\t', '\nNature\n | \n\t\t\t\t\t\t\t\t\t\tCorrespondence\n\t\t\t\t\t\t\t\t\t\t\t\t\t\t\t\t\t', '\nNature\n | \n\t\t\t\t\t\t\t\t\tObituary\n\t\t\t\t\t\t\t\t\t\t\t\t\t\t\t']","['Michael V. Drake', '1']","['Ohio State University, Columbus, USA.']","['Nature', '\n\t\t\t543,', '623', '(30 March 2017)', 'doi:10.1038/543623e', '\n\t\t\t\t\t\t\t\t\t\t\t\t\t\t\t\t\t\n\t\t\t\t29 March 2017\t\t\t\t\t\t\t']",['\n\t\t\t\t\t\t\t\t\t\t\t\t\t\t\t\t\t\n\t\t\t\t29 March 2017\t\t\t\t\t\t\t'],['Michael V. Drake'],"['Sociology', 'Education']",Diversity: Boost diversity in biomedical research
"['\nNature |\n\t\t\t\t\tLetter\t\t\t\t', '\nNature\n | \n\t\t\t\t\t\t\t\t\t\tLetter\n\t\t\t\t\t\t\t\t\t\t\t\t\t\t\t\t\t', '\nNature\n | \n\t\t\t\t\t\t\t\t\tLetter\n\t\t\t\t\t\t\t\t\t\t\t\t\t\t\t']","['Carole Dalin', '1', 'Yoshihide Wada', '2', '3', '4', '5', 'Thomas Kastner', '6', '7', 'Michael J. Puma', '3', '4', '8']","['Institute for Sustainable Resources, University College London, 14 Upper Woburn Place, London WC1H 0NN, UK', 'International Institute for Applied Systems Analysis, Schlossplatz 1, A-2361 Laxenburg, Austria', 'Columbia University, Center for Climate Systems Research, 2880 Broadway, New York, New York 10025, USA', 'NASA Goddard Institute for Space Studies, 2880 Broadway, New York, New York 10025, USA', 'Department of Physical Geography, Utrecht University, Heidelberglaan 2, 3584 CS Utrecht, The Netherlands', 'Institute of Social Ecology, Vienna, Alpen-Adria Universitaet Klagenfurt, Wien, Graz, Schottenfeldgasse 29, 1070 Vienna, Austria', 'Senckenberg Biodiversity and Climate Research Centre (BiK-F), Senckenberganlage 25, 60325 Frankfurt am Main, Germany', 'Center for Climate and Life, Columbia University, 61 Route 9W, Palisades, New York 10964, USA']","['Nature', '\n\t\t\t543,', '700–704', '(30 March 2017)', 'doi:10.1038/nature21403', '\n\t\t\t\t\t\t\t\t\t\t\t\t\t\t\t26 August 2016\n\t\t\t\t\t\t\t\t\t\t\t\t', '\n\t\t\t\t\t\t\t\t\t\t\t\t\t\t\t17 January 2017\n\t\t\t\t\t\t\t\t\t\t\t\t', '\n\t\t\t\t\t\t\t\t\t\t\t\t\t\t\t\t\t\n\t\t\t\t29 March 2017\t\t\t\t\t\t\t']","['\n\t\t\t\t\t\t\t\t\t\t\t\t\t\t\t26 August 2016\n\t\t\t\t\t\t\t\t\t\t\t\t', '\n\t\t\t\t\t\t\t\t\t\t\t\t\t\t\t17 January 2017\n\t\t\t\t\t\t\t\t\t\t\t\t', '\n\t\t\t\t\t\t\t\t\t\t\t\t\t\t\t\t\t\n\t\t\t\t29 March 2017\t\t\t\t\t\t\t']",['Carole Dalin'],"['Water resources', 'Hydrology', 'Environmental impact', 'Agriculture']",Groundwater depletion embedded in international food trade
"['\nNature |\n\t\t\t\t\tResearch Highlights\t\t\t\t', '\nNature\n | \n\t\t\t\t\t\t\t\t\t\tResearch Highlights\n\t\t\t\t\t\t\t\t\t\t\t\t\t\t\t\t\t', '\nNature\n | \n\t\t\t\t\t\t\t\t\tBooks and Arts\n\t\t\t\t\t\t\t\t\t\t\t\t\t\t\t']",[],[],"['Nature', '\n\t\t\t543,', '593', '(30 March 2017)', 'doi:10.1038/543593e', '\n\t\t\t\t\t\t\t\t\t\t\t\t\t\t\t\t\t\n\t\t\t\t29 March 2017\t\t\t\t\t\t\t']",['\n\t\t\t\t\t\t\t\t\t\t\t\t\t\t\t\t\t\n\t\t\t\t29 March 2017\t\t\t\t\t\t\t'],[],"['Virology', 'Evolution', 'Diseases', 'Infection']",Virology: What makes bird flu jump species?
"['\nNature |\n\t\t\t\t\tLetter\t\t\t\t', '\nNature\n | \n\t\t\t\t\t\t\t\t\t\tLetter\n\t\t\t\t\t\t\t\t\t\t\t\t\t\t\t\t\t', '\nNature\n | \n\t\t\t\t\t\t\t\t\tLetter\n\t\t\t\t\t\t\t\t\t\t\t\t\t\t\t']","['T. Frigge', '1', 'B. Hafke', '1', 'T. Witte', '1', 'B. Krenzer', '1', 'C. Streubühr', '1', 'A. Samad Syed', '1', 'V. Mikšić Trontl', '1', 'I. Avigo', '1', 'P. Zhou', '1', 'M. Ligges', '1', 'D. von der Linde', '1', 'U. Bovensiepen', '1', 'M. Horn-von Hoegen', '1', 'S. Wippermann', '2', 'A. Lücke', '3', 'S. Sanna', '3', 'U. Gerstmann', '3', 'W. G. Schmidt', '3']","['Fakultät für Physik und Center for Nanointegration (CENIDE), Universität Duisburg-Essen, Lotharstrasse 1, 47057 Duisburg, Germany', 'Max-Planck-Institut für Eisenforschung, Max-Planck-Straße 1, 40237 Düsseldorf, Germany', 'Lehrstuhl für Theoretische Materialphysik, Universität Paderborn, 33095 Paderborn, Germany']","['Nature', '(2017)', 'doi:10.1038/nature21432', '\n\t\t\t\t\t\t\t\t\t\t\t\t\t\t\t12 August 2016\n\t\t\t\t\t\t\t\t\t\t\t\t', '\n\t\t\t\t\t\t\t\t\t\t\t\t\t\t\t27 January 2017\n\t\t\t\t\t\t\t\t\t\t\t\t', '\n\t\t\t\t\t\t\t\t\t\t\t\t\t\t\t\t\t\n\t\t\t\t29 March 2017\t\t\t\t\t\t\t']","['\n\t\t\t\t\t\t\t\t\t\t\t\t\t\t\t12 August 2016\n\t\t\t\t\t\t\t\t\t\t\t\t', '\n\t\t\t\t\t\t\t\t\t\t\t\t\t\t\t27 January 2017\n\t\t\t\t\t\t\t\t\t\t\t\t', '\n\t\t\t\t\t\t\t\t\t\t\t\t\t\t\t\t\t\n\t\t\t\t29 March 2017\t\t\t\t\t\t\t']",['M. Horn-von Hoegen'],[],Optically excited structural transition in atomic wires on surfaces at the quantum limit
"['\nNature |\n\t\t\t\t\tObituary\t\t\t\t', '\nNature\n | \n\t\t\t\t\t\t\t\t\t\tCorrespondence\n\t\t\t\t\t\t\t\t\t\t\t\t\t\t\t\t\t', '\nNature\n | \n\t\t\t\t\t\t\t\t\tNews and Views\n\t\t\t\t\t\t\t\t\t\t\t\t\t\t\t']","['Kumaraswamy Velupillai', '1']","['Kumaraswamy (Vela) Velupillai is retired and lives in Stockholm, Sweden. He was, formerly, a professor of economics at Trento, Italy, and at NSSR, New York, and is an emeritus professor at the National University of Ireland, Galway. He first met Kenneth Arrow at the University of California, Irvine, conference in 2001.', 'Kumaraswamy (Vela) Velupillai is retired and lives in Stockholm, Sweden. He was, formerly, a professor of economics at Trento, Italy, and at NSSR, New York, and is an emeritus professor at the National University of Ireland, Galway. He first met Kenneth Arrow at the University of California, Irvine, conference in 2001.']","['Nature', '\n\t\t\t543,', '624', '(30 March 2017)', 'doi:10.1038/543624a', '\n\t\t\t\t\t\t\t\t\t\t\t\t\t\t\t\t\t\n\t\t\t\t29 March 2017\t\t\t\t\t\t\t']",['\n\t\t\t\t\t\t\t\t\t\t\t\t\t\t\t\t\t\n\t\t\t\t29 March 2017\t\t\t\t\t\t\t'],"['Kumaraswamy Velupillai', 'Kumaraswamy Velupillai']",[],Kenneth J. Arrow (1921–2017)
"['\nNature |\n\t\t\t\t\tNews & Views\t\t\t\t', '\nNature\n | \n\t\t\t\t\t\t\t\t\t\tNews and Views\n\t\t\t\t\t\t\t\t\t\t\t\t\t\t\t\t\t', '\nNature\n | \n\t\t\t\t\t\t\t\t\tReview\n\t\t\t\t\t\t\t\t\t\t\t\t\t\t\t']","['Helena Morais', '1', 'Fathi Namouni', '2']","['Helena Morais is in the Department of Statistics, Applied Mathematics and Computer Science, Institute of Geosciences and Exact Sciences, São Paulo State University (UNESP), 13506-900 Rio Claro, Brazil.', ""Fathi Namouni is at the Laboratoire Lagrange, Côte d'Azur Observatory, 06300 Nice, France.""]","['Nature', '\n\t\t\t543,', '635–636', '(30 March 2017)', 'doi:10.1038/543635a', '\n\t\t\t\t\t\t\t\t\t\t\t\t\t\t\t\t\t\n\t\t\t\t29 March 2017\t\t\t\t\t\t\t']",['\n\t\t\t\t\t\t\t\t\t\t\t\t\t\t\t\t\t\n\t\t\t\t29 March 2017\t\t\t\t\t\t\t'],"['Helena Morais', 'Fathi Namouni']","['Astronomy and astrophysics', 'Asteroids, comets and Kuiper belt']",Planetary science: Reckless orbiting in the Solar System
"['\nNature |\n\t\t\t\t\tLetter\t\t\t\t', '\nNature\n | \n\t\t\t\t\t\t\t\t\t\tArticle\n\t\t\t\t\t\t\t\t\t\t\t\t\t\t\t\t\t', '\nNature\n | \n\t\t\t\t\t\t\t\t\tLetter\n\t\t\t\t\t\t\t\t\t\t\t\t\t\t\t']","['Paul Wiegert', '1', '2', 'Martin Connors', '1', '2', '3', '4', '5', 'Christian Veillet', '6']","['Department of Physics and Astronomy, The University of Western Ontario, London, Ontario N6A 3K7, Canada', 'Centre for Planetary Science and Exploration (CPSX), London, Ontario N6A 3K7, Canada', 'Athabasca University Observatories, Athabasca, Alberta T9S 3A3, Canada', 'Institute for Space-Earth Environmental Research, University of Nagoya, Nagoya 464-8601, Japan', 'Department of Physics and Astronomy, University of Calgary, Calgary, Alberta T2N 1N4, Canada', 'Large Binocular Telescope Observatory, Tucson, Arizona 85721, USA']","['Nature', '\n\t\t\t543,', '687–689', '(30 March 2017)', 'doi:10.1038/nature22029', '\n\t\t\t\t\t\t\t\t\t\t\t\t\t\t\t20 December 2016\n\t\t\t\t\t\t\t\t\t\t\t\t', '\n\t\t\t\t\t\t\t\t\t\t\t\t\t\t\t31 January 2017\n\t\t\t\t\t\t\t\t\t\t\t\t', '\n\t\t\t\t\t\t\t\t\t\t\t\t\t\t\t\t\t\n\t\t\t\t29 March 2017\t\t\t\t\t\t\t']","['\n\t\t\t\t\t\t\t\t\t\t\t\t\t\t\t20 December 2016\n\t\t\t\t\t\t\t\t\t\t\t\t', '\n\t\t\t\t\t\t\t\t\t\t\t\t\t\t\t31 January 2017\n\t\t\t\t\t\t\t\t\t\t\t\t', '\n\t\t\t\t\t\t\t\t\t\t\t\t\t\t\t\t\t\n\t\t\t\t29 March 2017\t\t\t\t\t\t\t']",['Paul Wiegert'],"['Asteroids, comets and Kuiper belt', 'Early solar system']",A retrograde co-orbital asteroid of Jupiter
"['\nNature |\n\t\t\t\t\tOutlook\t\t\t\t', '\nNature\n | \n\t\t\t\t\t\t\t\t\t\tOutlook\n\t\t\t\t\t\t\t\t\t\t\t\t\t\t\t\t\t', '\nNature\n | \n\t\t\t\t\t\t\t\t\tOutlook\n\t\t\t\t\t\t\t\t\t\t\t\t\t\t\t']","['Sujata Gupta', '1']","['Sujata Gupta is a freelance science writer in Burlington, Vermont.']","['Nature', '\n\t\t\t543,', 'S48–S49', '(30 March 2017)', 'doi:10.1038/543S48a', '\n\t\t\t\t\t\t\t\t\t\t\t\t\t\t\t\t\t\n\t\t\t\t29 March 2017\t\t\t\t\t\t\t']",['\n\t\t\t\t\t\t\t\t\t\t\t\t\t\t\t\t\t\n\t\t\t\t29 March 2017\t\t\t\t\t\t\t'],[],"['Health care', 'Immunology', 'Microbiome']",Microbiome: Puppy power
"['\nNature |\n\t\t\t\t\tLetter\t\t\t\t', '\nNature\n | \n\t\t\t\t\t\t\t\t\t\tLetter\n\t\t\t\t\t\t\t\t\t\t\t\t\t\t\t\t\t', '\nNature\n | \n\t\t\t\t\t\t\t\t\tLetter\n\t\t\t\t\t\t\t\t\t\t\t\t\t\t\t']","['Benjamin Allen', '1', '2', '3', 'Gabor Lippner', '3', '4', 'Yu-Ting Chen', '2', '3', '5', 'Babak Fotouhi', '2', '6', 'Naghmeh Momeni', '2', '7', 'Shing-Tung Yau', '3', '8', 'Martin A. Nowak', '2', '8', '9']","['Department of Mathematics, Emmanuel College, Boston, Massachusetts, USA', 'Program for Evolutionary Dynamics, Harvard University, Cambridge, Massachusetts, USA', 'Center for Mathematical Sciences and Applications, Harvard University, Cambridge, Massachusetts, USA', 'Department of Mathematics, Northeastern University, Boston, Massachusetts, USA', 'Department of Mathematics, University of Tennessee, Knoxville, Tennessee, USA', 'Institute for Quantitative Social Sciences, Harvard University, Cambridge, Massachusetts, USA', 'Department of Electrical and Computer Engineering, McGill University, Montreal, Canada', 'Department of Mathematics, Harvard University, Cambridge, Massachusetts, USA', 'Department of Organismic and Evolutionary Biology, Harvard University, Cambridge, Massachusetts, USA']","['Nature', '(2017)', 'doi:10.1038/nature21723', '\n\t\t\t\t\t\t\t\t\t\t\t\t\t\t\t31 August 2016\n\t\t\t\t\t\t\t\t\t\t\t\t', '\n\t\t\t\t\t\t\t\t\t\t\t\t\t\t\t23 February 2017\n\t\t\t\t\t\t\t\t\t\t\t\t', '\n\t\t\t\t\t\t\t\t\t\t\t\t\t\t\t\t\t\n\t\t\t\t29 March 2017\t\t\t\t\t\t\t']","['\n\t\t\t\t\t\t\t\t\t\t\t\t\t\t\t31 August 2016\n\t\t\t\t\t\t\t\t\t\t\t\t', '\n\t\t\t\t\t\t\t\t\t\t\t\t\t\t\t23 February 2017\n\t\t\t\t\t\t\t\t\t\t\t\t', '\n\t\t\t\t\t\t\t\t\t\t\t\t\t\t\t\t\t\n\t\t\t\t29 March 2017\t\t\t\t\t\t\t']",['Benjamin Allen'],[],Evolutionary dynamics on any population structure
"['\nNature |\n\t\t\t\t\tOutlook\t\t\t\t', '\nNature\n']","['Herb Brody', '1']",['Chief supplements editor'],"['Nature', '\n\t\t\t543,', 'S41', '(30 March 2017)', 'doi:10.1038/543S41a', '\n\t\t\t\t\t\t\t\t\t\t\t\t\t\t\t\t\t\n\t\t\t\t29 March 2017\t\t\t\t\t\t\t']",['\n\t\t\t\t\t\t\t\t\t\t\t\t\t\t\t\t\t\n\t\t\t\t29 March 2017\t\t\t\t\t\t\t'],[],"['Diseases', 'Health care']",Animal health
"['\nNature |\n\t\t\t\t\tLetter\t\t\t\t', '\nNature\n | \n\t\t\t\t\t\t\t\t\t\tLetter\n\t\t\t\t\t\t\t\t\t\t\t\t\t\t\t\t\t', '\nNature\n | \n\t\t\t\t\t\t\t\t\tLetter\n\t\t\t\t\t\t\t\t\t\t\t\t\t\t\t']","['Ilya M. Flyamer', '1', '2', '3', '*', '†', 'Johanna Gassler', '1', '*', 'Maxim Imakaev', '4', '5', '*', 'Hugo B. Brandão', '6', 'Sergey V. Ulianov', '2', '3', 'Nezar Abdennur', '7', 'Sergey V. Razin', '2', '3', 'Leonid A. Mirny', '4', '5', '6', '§', 'Kikuë Tachibana-Konwalski', '1', '§']","['IMBA - Institute of Molecular Biotechnology of the Austrian Academy of Sciences, Vienna Biocenter (VBC), Dr Bohr-Gasse 3, 1030 Vienna, Austria', 'Institute of Gene Biology, Russian Academy of Sciences, Moscow 119334, Russia', 'Faculty of Biology, Lomonosov Moscow State University, Moscow 119234, Russia', 'Institute for Medical Engineering and Science, Massachusetts Institute of Technology (MIT), Cambridge, Massachusetts 02139, USA', 'Department of Physics, Massachusetts Institute of Technology (MIT), Cambridge, Massachusetts 02139, USA', 'Harvard Program in Biophysics, Harvard University, Cambridge, Massachusetts 02138, USA', 'Computational and Systems Biology Program, Massachusetts Institute of Technology (MIT), Cambridge, Massachusetts 02139 USA']","['Nature', '\n\t\t\t544,', '110–114', '(06 April 2017)', 'doi:10.1038/nature21711', '\n\t\t\t\t\t\t\t\t\t\t\t\t\t\t\t13 March 2016\n\t\t\t\t\t\t\t\t\t\t\t\t', '\n\t\t\t\t\t\t\t\t\t\t\t\t\t\t\t14 February 2017\n\t\t\t\t\t\t\t\t\t\t\t\t', '\n\t\t\t\t\t\t\t\t\t\t\t\t\t\t\t\t\t\n\t\t\t\t29 March 2017\t\t\t\t\t\t\t']","['\n\t\t\t\t\t\t\t\t\t\t\t\t\t\t\t13 March 2016\n\t\t\t\t\t\t\t\t\t\t\t\t', '\n\t\t\t\t\t\t\t\t\t\t\t\t\t\t\t14 February 2017\n\t\t\t\t\t\t\t\t\t\t\t\t', '\n\t\t\t\t\t\t\t\t\t\t\t\t\t\t\t\t\t\n\t\t\t\t29 March 2017\t\t\t\t\t\t\t']","['Leonid A. Mirny', 'Kikuë Tachibana-Konwalski']","['Embryology', 'Chromatin analysis', 'Chromatin structure', 'Nuclear organization', 'Reprogramming']",Single-nucleus Hi-C reveals unique chromatin reorganization at oocyte-to-zygote transition
"['\nNature |\n\t\t\t\t\tOutlook\t\t\t\t', '\nNature\n | \n\t\t\t\t\t\t\t\t\t\tOutlook\n\t\t\t\t\t\t\t\t\t\t\t\t\t\t\t\t\t', '\nNature\n | \n\t\t\t\t\t\t\t\t\tOutlook\n\t\t\t\t\t\t\t\t\t\t\t\t\t\t\t']","['Sarah DeWeerdt', '1']","['Sarah DeWeerdt is a freelance science writer in Seattle, Washington.']","['Nature', '\n\t\t\t543,', 'S52–S53', '(30 March 2017)', 'doi:10.1038/543S52a', '\n\t\t\t\t\t\t\t\t\t\t\t\t\t\t\t\t\t\n\t\t\t\t29 March 2017\t\t\t\t\t\t\t']",['\n\t\t\t\t\t\t\t\t\t\t\t\t\t\t\t\t\t\n\t\t\t\t29 March 2017\t\t\t\t\t\t\t'],[],"['Diseases', 'Parasitology']",Parasites: Kitty carriers
"['\nNature |\n\t\t\t\t\tLetter\t\t\t\t', '\nNature\n | \n\t\t\t\t\t\t\t\t\t\tLetter\n\t\t\t\t\t\t\t\t\t\t\t\t\t\t\t\t\t', '\nNature\n | \n\t\t\t\t\t\t\t\t\tLetter\n\t\t\t\t\t\t\t\t\t\t\t\t\t\t\t']","['Tuğçe Aktaş', '1', 'n1', 'İbrahim Avşar Ilık', '1', 'n1', 'Daniel Maticzka', '2', 'Vivek Bhardwaj', '1', '3', 'Cecilia Pessoa Rodrigues', '1', '3', 'Gerhard Mittler', '1', 'Thomas Manke', '1', 'Rolf Backofen', '2', 'Asifa Akhtar', '1']","['Max Planck Institute of Immunobiology and Epigenetics, Freiburg, Germany', 'Institute for Informatics, Albert-Ludwigs-University, Freiburg, Germany', 'Faculty of Biology, University of Freiburg, 79104 Freiburg, Germany']","['Nature', '\n\t\t\t544,', '115–119', '(06 April 2017)', 'doi:10.1038/nature21715', '\n\t\t\t\t\t\t\t\t\t\t\t\t\t\t\t05 August 2016\n\t\t\t\t\t\t\t\t\t\t\t\t', '\n\t\t\t\t\t\t\t\t\t\t\t\t\t\t\t23 February 2017\n\t\t\t\t\t\t\t\t\t\t\t\t', '\n\t\t\t\t\t\t\t\t\t\t\t\t\t\t\t\t\t\n\t\t\t\t29 March 2017\t\t\t\t\t\t\t']","['\n\t\t\t\t\t\t\t\t\t\t\t\t\t\t\t05 August 2016\n\t\t\t\t\t\t\t\t\t\t\t\t', '\n\t\t\t\t\t\t\t\t\t\t\t\t\t\t\t23 February 2017\n\t\t\t\t\t\t\t\t\t\t\t\t', '\n\t\t\t\t\t\t\t\t\t\t\t\t\t\t\t\t\t\n\t\t\t\t29 March 2017\t\t\t\t\t\t\t']",['Asifa Akhtar'],"['RNA', 'Epigenetics', 'High-throughput screening', 'Chromosome segregation']",DHX9 suppresses RNA processing defects originating from the Alu invasion of the human genome
"['\nNature |\n\t\t\t\t\tArticle  Accelerated Article Preview ', '\nNature\n']","['Mariko Shimokawa', '1', '*', 'Yuki Ohta', '1', '*', 'Shingo Nishikori', '1', '2', 'Mami Matano', '1', 'Ai Takano', '1', 'Masayuki Fujii', '1', 'Shoichi Date', '1', '2', 'Shinya Sugimoto', '1', 'Takanori Kanai', '1', 'Toshiro Sato', '1']","['Department of Gastroenterology, Keio University School of Medicine, Tokyo, Japan', 'Fujii Memorial Research Institute, Otsuka Pharmaceutical Company, Limited, Shiga, Japan']","['Nature', '(2017)', 'doi:10.1038/nature22081', '\n\t\t\t\t\t\t\t\t\t\t\t\t\t\t\t21 June 2016\n\t\t\t\t\t\t\t\t\t\t\t\t', '\n\t\t\t\t\t\t\t\t\t\t\t\t\t\t\t23 March 2017\n\t\t\t\t\t\t\t\t\t\t\t\t', '\n\t\t\t\t\t\t\t\t\t\t\t\t\t\t\t\t\t\n\t\t\t\t29 March 2017\t\t\t\t\t\t\t']","['\n\t\t\t\t\t\t\t\t\t\t\t\t\t\t\t21 June 2016\n\t\t\t\t\t\t\t\t\t\t\t\t', '\n\t\t\t\t\t\t\t\t\t\t\t\t\t\t\t23 March 2017\n\t\t\t\t\t\t\t\t\t\t\t\t', '\n\t\t\t\t\t\t\t\t\t\t\t\t\t\t\t\t\t\n\t\t\t\t29 March 2017\t\t\t\t\t\t\t']",['Toshiro Sato'],"['Cancer stem cells', 'Colorectal cancer', 'Cancer therapy']",Visualization and targeting of LGR5+ human colon cancer stem cells
[],[],[],[],[],[],[],Personalized cancer models point to better drugs
"['\nNature |\n\t\t\t\t\tOutlook\t\t\t\t', '\nNature\n | \n\t\t\t\t\t\t\t\t\t\tOutlook\n\t\t\t\t\t\t\t\t\t\t\t\t\t\t\t\t\t', '\nNature\n | \n\t\t\t\t\t\t\t\t\tOutlook\n\t\t\t\t\t\t\t\t\t\t\t\t\t\t\t']",['Rosie Mestel'],[],"['Nature', '\n\t\t\t543,', 'S42–S43', '(30 March 2017)', 'doi:10.1038/543S42a', '\n\t\t\t\t\t\t\t\t\t\t\t\t\t\t\t\t\t\n\t\t\t\t29 March 2017\t\t\t\t\t\t\t']",['\n\t\t\t\t\t\t\t\t\t\t\t\t\t\t\t\t\t\n\t\t\t\t29 March 2017\t\t\t\t\t\t\t'],[],"['Diseases', 'Health care']",Pets: Millennia together
"['\nNature |\n\t\t\t\t\tNews & Views\t\t\t\t', '\nNature\n | \n\t\t\t\t\t\t\t\t\t\tObituary\n\t\t\t\t\t\t\t\t\t\t\t\t\t\t\t\t\t', '\nNature\n | \n\t\t\t\t\t\t\t\t\tNews and Views\n\t\t\t\t\t\t\t\t\t\t\t\t\t\t\t']","['Florian R. Greten', '1']","['Florian R. Greten is at the Institute for Tumour Biology and Experimental Therapy, Georg-Speyer-Haus, 60596 Frankfurt, Germany.']","['Nature', '\n\t\t\t543,', '626–627', '(30 March 2017)', 'doi:10.1038/543626a', '\n\t\t\t\t\t\t\t\t\t\t\t\t\t\t\t\t\t\n\t\t\t\t29 March 2017\t\t\t\t\t\t\t']",['\n\t\t\t\t\t\t\t\t\t\t\t\t\t\t\t\t\t\n\t\t\t\t29 March 2017\t\t\t\t\t\t\t'],['Florian R. Greten'],"['Cancer', 'Medical research']",Cancer: Tumour stem-cell surprises
[],[],[],[],[],[],[],Brain implant lets paralysed man move his arm
"['\nNature |\n\t\t\t\t\tResearch Highlights\t\t\t\t', '\nNature\n | \n\t\t\t\t\t\t\t\t\t\tResearch Highlights\n\t\t\t\t\t\t\t\t\t\t\t\t\t\t\t\t\t', '\nNature\n | \n\t\t\t\t\t\t\t\t\tResearch Highlights\n\t\t\t\t\t\t\t\t\t\t\t\t\t\t\t']",[],[],"['Nature', '\n\t\t\t543,', '592', '(30 March 2017)', 'doi:10.1038/543592b', '\n\t\t\t\t\t\t\t\t\t\t\t\t\t\t\t\t\t\n\t\t\t\t29 March 2017\t\t\t\t\t\t\t']",['\n\t\t\t\t\t\t\t\t\t\t\t\t\t\t\t\t\t\n\t\t\t\t29 March 2017\t\t\t\t\t\t\t'],[],"['Geophysics', 'Planetary science']",Planetary science: Titan's electrified dunes
"['\nNature |\n\t\t\t\t\tLetter\t\t\t\t', '\nNature\n | \n\t\t\t\t\t\t\t\t\t\tLetter\n\t\t\t\t\t\t\t\t\t\t\t\t\t\t\t\t\t', '\nNature\n | \n\t\t\t\t\t\t\t\t\tLetter\n\t\t\t\t\t\t\t\t\t\t\t\t\t\t\t']","['Qiang Zhang', '1', '*', 'Xujia Jiang', '1', '2', '*', 'Dan Tong', '1', '*', 'Steven J. Davis', '1', '3', 'Hongyan Zhao', '1', 'Guannan Geng', '1', 'Tong Feng', '1', 'Bo Zheng', '2', 'Zifeng Lu', '4', 'David G. Streets', '4', 'Ruijing Ni', '5', 'Michael Brauer', '6', 'Aaron van Donkelaar', '7', 'Randall V. Martin', '7', '8', 'Hong Huo', '9', 'Zhu Liu', '10', 'Da Pan', '11', 'Haidong Kan', '12', 'Yingying Yan', '5', 'Jintai Lin', '5', 'Kebin He', '1', '2', '13', 'Dabo Guan', '1', '14']","['Ministry of Education Key Laboratory for Earth System Modeling, Department of Earth System Science, Tsinghua University, Beijing 100084, China', 'State Key Joint Laboratory of Environment Simulation and Pollution Control, School of Environment, Tsinghua University, Beijing 100084, China', 'Department of Earth System Science, University of California, Irvine, California 92697, USA', 'Energy Systems Division, Argonne National Laboratory, Argonne, Illinois 60439, USA', 'Laboratory for Climate and Ocean-Atmosphere Studies, Department of Atmospheric and Oceanic Sciences, School of Physics, Peking University, Beijing 100871, China', 'School of Population and Public Health, University of British Columbia, Vancouver, British Columbia V6T 1Z3, Canada', 'Department of Physics and Atmospheric Science, Dalhousie University, Halifax, Nova Scotia B3H 4R2, Canada', 'Smithsonian Astrophysical Observatory, Harvard-Smithsonian Center for Astrophysics, Cambridge, Massachusetts 02138, USA', 'Institute of Energy, Environment, and Economy, Tsinghua University, Beijing 100084, China', 'Resnick Sustainability Institute, California Institute of Technology, Pasadena, California 91125, USA', 'Department of Civil and Environmental Engineering, Princeton University, Princeton, New Jersey 08544, USA', 'School of Public Health, Fudan University, Shanghai, China', 'State Environmental Protection Key Laboratory of Sources and Control of Air Pollution Complex, Beijing 100084, China', 'School of International Development, University of East Anglia, Norwich NR4 7TJ, UK']","['Nature', '\n\t\t\t543,', '705–709', '(30 March 2017)', 'doi:10.1038/nature21712', '\n\t\t\t\t\t\t\t\t\t\t\t\t\t\t\t07 March 2016\n\t\t\t\t\t\t\t\t\t\t\t\t', '\n\t\t\t\t\t\t\t\t\t\t\t\t\t\t\t10 February 2017\n\t\t\t\t\t\t\t\t\t\t\t\t', '\n\t\t\t\t\t\t\t\t\t\t\t\t\t\t\t\t\t\n\t\t\t\t29 March 2017\t\t\t\t\t\t\t']","['\n\t\t\t\t\t\t\t\t\t\t\t\t\t\t\t07 March 2016\n\t\t\t\t\t\t\t\t\t\t\t\t', '\n\t\t\t\t\t\t\t\t\t\t\t\t\t\t\t10 February 2017\n\t\t\t\t\t\t\t\t\t\t\t\t', '\n\t\t\t\t\t\t\t\t\t\t\t\t\t\t\t\t\t\n\t\t\t\t29 March 2017\t\t\t\t\t\t\t']","['Qiang Zhang', 'Steven J. Davis', 'Jintai Lin', 'Kebin He']",['Environmental impact'],Transboundary health impacts of transported global air pollution and international trade
"['\nNature |\n\t\t\t\t\tLetter\t\t\t\t', '\nNature\n | \n\t\t\t\t\t\t\t\t\t\tLetter\n\t\t\t\t\t\t\t\t\t\t\t\t\t\t\t\t\t', '\nNature\n | \n\t\t\t\t\t\t\t\t\tLetter\n\t\t\t\t\t\t\t\t\t\t\t\t\t\t\t']","['Joshua W. Modell', '1', 'Wenyan Jiang', '1', 'Luciano A. Marraffini', '1']","['Laboratory of Bacteriology, The Rockefeller University, 1230 York Avenue, New York, NY 10065, USA']","['Nature', '\n\t\t\t544,', '101–104', '(06 April 2017)', 'doi:10.1038/nature21719', '\n\t\t\t\t\t\t\t\t\t\t\t\t\t\t\t13 December 2016\n\t\t\t\t\t\t\t\t\t\t\t\t', '\n\t\t\t\t\t\t\t\t\t\t\t\t\t\t\t22 February 2017\n\t\t\t\t\t\t\t\t\t\t\t\t', '\n\t\t\t\t\t\t\t\t\t\t\t\t\t\t\t\t\t\n\t\t\t\t29 March 2017\t\t\t\t\t\t\t']","['\n\t\t\t\t\t\t\t\t\t\t\t\t\t\t\t13 December 2016\n\t\t\t\t\t\t\t\t\t\t\t\t', '\n\t\t\t\t\t\t\t\t\t\t\t\t\t\t\t22 February 2017\n\t\t\t\t\t\t\t\t\t\t\t\t', '\n\t\t\t\t\t\t\t\t\t\t\t\t\t\t\t\t\t\n\t\t\t\t29 March 2017\t\t\t\t\t\t\t']",['Luciano A. Marraffini'],"['Bacteriophages', 'Adaptive immunity', 'Bacteriology']",CRISPR–Cas systems exploit viral DNA injection to establish and maintain adaptive immunity
"['\nNature |\n\t\t\t\t\tReview\t\t\t\t', '\nNature\n | \n\t\t\t\t\t\t\t\t\t\tReview\n\t\t\t\t\t\t\t\t\t\t\t\t\t\t\t\t\t', '\nNature\n | \n\t\t\t\t\t\t\t\t\tArticle\n\t\t\t\t\t\t\t\t\t\t\t\t\t\t\t']","['Gregory D. Scholes', '1', 'Graham R. Fleming', '2', 'Lin X. Chen', '3', '4', 'Alán Aspuru-Guzik', '5', 'Andreas Buchleitner', '6', 'David F. Coker', '7', 'Gregory S. Engel', '8', 'Rienk van Grondelle', '9', 'Akihito Ishizaki', '10', 'David M. Jonas', '11', 'Jeff S. Lundeen', '12', 'James K. McCusker', '13', 'Shaul Mukamel', '14', 'Jennifer P. Ogilvie', '15', 'Alexandra Olaya-Castro', '16', 'Mark A. Ratner', '17', 'Frank C. Spano', '18', 'K. Birgitta Whaley', '19', '20', 'Xiaoyang Zhu', '21']","['Department of Chemistry, Princeton University, Princeton, New Jersey 08544, USA', 'Department of Chemistry, University of California, Berkeley and Molecular Biophysics and Integrated Bioimaging Division, Lawrence Berkeley National Laboratory, Berkeley, California 94720, USA', 'Chemical Sciences and Engineering Division, Argonne National Laboratory, Lemont, Illinois 60439, USA', 'Department of Chemistry, Northwestern University, Evanston, Illinois 60208, USA', 'Department of Chemistry and Chemical Biology, Harvard University, Cambridge, Massachusetts 02138, USA', 'Institute of Physics, Albert-Ludwigs-Universitaet Freiburg, D-79104 Freiburg, Germany', 'Department of Chemistry, Boston University, Boston, Massachusetts 02215, USA', 'Department of Chemistry, University of Chicago, Chicago, Illinois 60637, USA', 'Department of Physics and Astronomy, VU University Amsterdam, 1081HV Amsterdam, The Netherlands', 'Institute for Molecular Science, National Institutes of Natural Sciences, Myodaiji, Okazaki 444-8585, Japan', 'Department of Chemistry and Biochemistry, University of Colorado Boulder, Boulder, Colorado 80309, USA', 'Department of Physics, University of Ottawa, Ottawa, Ontario K1N 6N5, Canada', 'Department of Chemistry, Michigan State University, East Lansing, Michigan 48824, USA', 'Departments of Chemistry and Physics and Astronomy, University of California—Irvine, Irvine, California 92697, USA', 'Department of Physics, University of Michigan, Ann Arbor, Michigan 48109, USA', 'Department of Physics and Astronomy, University College London, London WC1E 6BT, UK', 'Department of Chemistry, Northwestern University, Evanston, Illinois 60208, USA', 'Department of Chemistry, Temple University, Philadelphia, Pennsylvania 19122, USA', 'Department of Chemistry, University of California—Berkeley, California 94720, USA', 'Chemical Sciences Division, Lawrence Berkeley National Laboratory, Berkeley, California 94720, USA', 'Department of Chemistry, Columbia University, New York, New York 10027, USA']","['Nature', '\n\t\t\t543,', '647–656', '(30 March 2017)', 'doi:10.1038/nature21425', '\n\t\t\t\t\t\t\t\t\t\t\t\t\t\t\t02 July 2016\n\t\t\t\t\t\t\t\t\t\t\t\t', '\n\t\t\t\t\t\t\t\t\t\t\t\t\t\t\t07 December 2016\n\t\t\t\t\t\t\t\t\t\t\t\t', '\n\t\t\t\t\t\t\t\t\t\t\t\t\t\t\t\t\t\n\t\t\t\t29 March 2017\t\t\t\t\t\t\t']","['\n\t\t\t\t\t\t\t\t\t\t\t\t\t\t\t02 July 2016\n\t\t\t\t\t\t\t\t\t\t\t\t', '\n\t\t\t\t\t\t\t\t\t\t\t\t\t\t\t07 December 2016\n\t\t\t\t\t\t\t\t\t\t\t\t', '\n\t\t\t\t\t\t\t\t\t\t\t\t\t\t\t\t\t\n\t\t\t\t29 March 2017\t\t\t\t\t\t\t']","['Gregory D. Scholes', 'Graham R. Fleming']","['Energy harvesting', 'Physical chemistry', 'Chemistry']",Using coherence to enhance function in chemical and biophysical systems
"['\nNature |\n\t\t\t\t\tResearch Highlights\t\t\t\t', '\nNature\n | \n\t\t\t\t\t\t\t\t\t\tResearch Highlights\n\t\t\t\t\t\t\t\t\t\t\t\t\t\t\t\t\t', '\nNature\n | \n\t\t\t\t\t\t\t\t\tResearch Highlights\n\t\t\t\t\t\t\t\t\t\t\t\t\t\t\t']",[],[],"['Nature', '\n\t\t\t543,', '592–593', '(30 March 2017)', 'doi:10.1038/543592d', '\n\t\t\t\t\t\t\t\t\t\t\t\t\t\t\t\t\t\n\t\t\t\t29 March 2017\t\t\t\t\t\t\t']",['\n\t\t\t\t\t\t\t\t\t\t\t\t\t\t\t\t\t\n\t\t\t\t29 March 2017\t\t\t\t\t\t\t'],[],"['Evolution', 'Brain']",Evolution: Diet drives primate brain size
"['\nNature |\n\t\t\t\t\tNews & Views\t\t\t\t', '\nNature\n | \n\t\t\t\t\t\t\t\t\t\tNews and Views\n\t\t\t\t\t\t\t\t\t\t\t\t\t\t\t\t\t', '\nNature\n | \n\t\t\t\t\t\t\t\t\tNews and Views\n\t\t\t\t\t\t\t\t\t\t\t\t\t\t\t']","['Laura A. Miller', '1']","['Laura A. Miller is in the Departments of Biology and Mathematics, University of North Carolina at Chapel Hill, Chapel Hill, North Carolina 27599, USA.']","['Nature', '\n\t\t\t544,', '40–41', '(06 April 2017)', 'doi:10.1038/nature21904', '\n\t\t\t\t\t\t\t\t\t\t\t\t\t\t\t\t\t\n\t\t\t\t29 March 2017\t\t\t\t\t\t\t']",['\n\t\t\t\t\t\t\t\t\t\t\t\t\t\t\t\t\t\n\t\t\t\t29 March 2017\t\t\t\t\t\t\t'],['Laura A. Miller'],['Biomechanics'],Biomechanics: The aerodynamics buzz from mosquitoes
"['\nNature |\n\t\t\t\t\tArticle\t\t\t\t', '\nNature\n | \n\t\t\t\t\t\t\t\t\t\tArticle\n\t\t\t\t\t\t\t\t\t\t\t\t\t\t\t\t\t', '\nNature\n | \n\t\t\t\t\t\t\t\t\tArticle\n\t\t\t\t\t\t\t\t\t\t\t\t\t\t\t']","['Aurélie Hérault', '1', '†', 'Mikhail Binnewies', '1', '†', 'Stephanie Leong', '1', '†', 'Fernando J. Calero-Nieto', '2', 'Si Yi Zhang', '1', 'Yoon-A Kang', '1', 'Xiaonan Wang', '2', 'Eric M. Pietras', '1', 'S. Haihua Chu', '3', 'Keegan Barry-Holson', '1', 'Scott Armstrong', '3', 'Berthold Göttgens', '2', 'Emmanuelle Passegué', '1', '*']","['The Eli and Edythe Broad Center of Regeneration Medicine and Stem Cell Research, Department of Medicine, Division of Hematology/Oncology, University of California San Francisco, San Francisco, California 94143, USA', 'Cambridge University Department of Haematology, Cambridge Institute for Medical Research, Wellcome Trust and MRC Cambridge Stem Cell Institute, Hills Road, Cambridge CB2 0XY, UK', 'Department of Pediatric Oncology, Dana-Farber Cancer Institute, and Division of Hematology/Oncology, Boston Children’s Hospital, Harvard Medical School, Boston, Massachusetts 02215, USA']","['Nature', '\n\t\t\t544,', '53–58', '(06 April 2017)', 'doi:10.1038/nature21693', '\n\t\t\t\t\t\t\t\t\t\t\t\t\t\t\t16 February 2016\n\t\t\t\t\t\t\t\t\t\t\t\t', '\n\t\t\t\t\t\t\t\t\t\t\t\t\t\t\t07 February 2017\n\t\t\t\t\t\t\t\t\t\t\t\t', '\n\t\t\t\t\t\t\t\t\t\t\t\t\t\t\t\t\t\n\t\t\t\t29 March 2017\t\t\t\t\t\t\t']","['\n\t\t\t\t\t\t\t\t\t\t\t\t\t\t\t16 February 2016\n\t\t\t\t\t\t\t\t\t\t\t\t', '\n\t\t\t\t\t\t\t\t\t\t\t\t\t\t\t07 February 2017\n\t\t\t\t\t\t\t\t\t\t\t\t', '\n\t\t\t\t\t\t\t\t\t\t\t\t\t\t\t\t\t\n\t\t\t\t29 March 2017\t\t\t\t\t\t\t']",['Emmanuelle Passegué'],"['Haematopoietic stem cells', 'Stem-cell niche', 'Regeneration', 'Cancer stem cells', 'Leukaemia']",Myeloid progenitor cluster formation drives emergency and leukaemic myelopoiesis
"['\nNature |\n\t\t\t\t\tCorrespondence\t\t\t\t', '\nNature\n | \n\t\t\t\t\t\t\t\t\t\tCorrespondence\n\t\t\t\t\t\t\t\t\t\t\t\t\t\t\t\t\t', '\nNature\n | \n\t\t\t\t\t\t\t\t\tCorrespondence\n\t\t\t\t\t\t\t\t\t\t\t\t\t\t\t']","['Alex Holznienkemper', '1']","['Baylor University, Texas, USA.']","['Nature', '\n\t\t\t543,', '623', '(30 March 2017)', 'doi:10.1038/543623b', '\n\t\t\t\t\t\t\t\t\t\t\t\t\t\t\t\t\t\n\t\t\t\t29 March 2017\t\t\t\t\t\t\t']",['\n\t\t\t\t\t\t\t\t\t\t\t\t\t\t\t\t\t\n\t\t\t\t29 March 2017\t\t\t\t\t\t\t'],['Alex Holznienkemper'],"['Events', 'Society']",Humanities: Blind spot in the March for Science
"['\nNature |\n\t\t\t\t\tLetter\t\t\t\t', '\nNature\n | \n\t\t\t\t\t\t\t\t\t\tLetter\n\t\t\t\t\t\t\t\t\t\t\t\t\t\t\t\t\t', '\nNature\n | \n\t\t\t\t\t\t\t\t\tLetter\n\t\t\t\t\t\t\t\t\t\t\t\t\t\t\t']","['Richard J. Bomphrey', '1', 'Toshiyuki Nakata', '1', '2', 'Nathan Phillips', '1', 'Simon M. Walker', '3']","['Structure and Motion Laboratory, Royal Veterinary College, University of London, Hatfield AL9 7TA, UK', 'Graduate School of Engineering, Chiba University, 1-33, Yayoi-cho, Inage-ku, Chiba-shi, Chiba 263-8522 Japan', 'Department of Zoology, University of Oxford, Oxford OX1 3PS, UK']","['Nature', '\n\t\t\t544,', '92–95', '(06 April 2017)', 'doi:10.1038/nature21727', '\n\t\t\t\t\t\t\t\t\t\t\t\t\t\t\t21 October 2016\n\t\t\t\t\t\t\t\t\t\t\t\t', '\n\t\t\t\t\t\t\t\t\t\t\t\t\t\t\t27 February 2017\n\t\t\t\t\t\t\t\t\t\t\t\t', '\n\t\t\t\t\t\t\t\t\t\t\t\t\t\t\t\t\t\n\t\t\t\t29 March 2017\t\t\t\t\t\t\t', '05 April 2017']","['\n\t\t\t\t\t\t\t\t\t\t\t\t\t\t\t21 October 2016\n\t\t\t\t\t\t\t\t\t\t\t\t', '\n\t\t\t\t\t\t\t\t\t\t\t\t\t\t\t27 February 2017\n\t\t\t\t\t\t\t\t\t\t\t\t', '\n\t\t\t\t\t\t\t\t\t\t\t\t\t\t\t\t\t\n\t\t\t\t29 March 2017\t\t\t\t\t\t\t', '05 April 2017']",['Richard J. Bomphrey'],"['Aerospace engineering', 'Biomechanics']",Smart wing rotation and trailing-edge vortices enable high frequency mosquito flight
"['\nNature |\n\t\t\t\t\tNews & Views\t\t\t\t', '\nNature\n | \n\t\t\t\t\t\t\t\t\t\tNews and Views\n\t\t\t\t\t\t\t\t\t\t\t\t\t\t\t\t\t', '\nNature\n | \n\t\t\t\t\t\t\t\t\tNews and Views\n\t\t\t\t\t\t\t\t\t\t\t\t\t\t\t']","['Felix N. Castellano', '1']","['Felix N. Castellano is in the Department of Chemistry, North Carolina State University, Raleigh, North Carolina 27695-8204, USA.']","['Nature', '\n\t\t\t543,', '627–628', '(30 March 2017)', 'doi:10.1038/543627a', '\n\t\t\t\t\t\t\t\t\t\t\t\t\t\t\t\t\t\n\t\t\t\t29 March 2017\t\t\t\t\t\t\t']",['\n\t\t\t\t\t\t\t\t\t\t\t\t\t\t\t\t\t\n\t\t\t\t29 March 2017\t\t\t\t\t\t\t'],['Felix N. Castellano'],"['Chemistry', 'Inorganic chemistry', 'Atomic and molecular physics']",Inorganic chemistry: Making iron glow
"['\nNature |\n\t\t\t\t\tOutlook\t\t\t\t', '\nNature\n | \n\t\t\t\t\t\t\t\t\t\tOutlook\n\t\t\t\t\t\t\t\t\t\t\t\t\t\t\t\t\t', '\nNature\n | \n\t\t\t\t\t\t\t\t\tOutlook\n\t\t\t\t\t\t\t\t\t\t\t\t\t\t\t']","['Elie Dolgin', '1']","['Elie Dolgin is a science writer in Somerville, Massachusetts.']","['Nature', '\n\t\t\t543,', 'S54–S55', '(30 March 2017)', 'doi:10.1038/543S54a', '\n\t\t\t\t\t\t\t\t\t\t\t\t\t\t\t\t\t\n\t\t\t\t29 March 2017\t\t\t\t\t\t\t']",['\n\t\t\t\t\t\t\t\t\t\t\t\t\t\t\t\t\t\n\t\t\t\t29 March 2017\t\t\t\t\t\t\t'],[],"['Climate change', 'Diseases']",Climate change: As the ice melts
"['\nNature |\n\t\t\t\t\tResearch Highlights\t\t\t\t', '\nNature\n | \n\t\t\t\t\t\t\t\t\t\tResearch Highlights\n\t\t\t\t\t\t\t\t\t\t\t\t\t\t\t\t\t', '\nNature\n | \n\t\t\t\t\t\t\t\t\tResearch Highlights\n\t\t\t\t\t\t\t\t\t\t\t\t\t\t\t']",[],[],"['Nature', '\n\t\t\t543,', '593', '(30 March 2017)', 'doi:10.1038/543593b', '\n\t\t\t\t\t\t\t\t\t\t\t\t\t\t\t\t\t\n\t\t\t\t29 March 2017\t\t\t\t\t\t\t']",['\n\t\t\t\t\t\t\t\t\t\t\t\t\t\t\t\t\t\n\t\t\t\t29 March 2017\t\t\t\t\t\t\t'],[],"['Cancer', 'Cell biology']",Cancer: How fat boosts breast cancer
"['\nNature |\n\t\t\t\t\tCorrespondence\t\t\t\t', '\nNature\n | \n\t\t\t\t\t\t\t\t\t\tCorrespondence\n\t\t\t\t\t\t\t\t\t\t\t\t\t\t\t\t\t', '\nNature\n | \n\t\t\t\t\t\t\t\t\tCorrespondence\n\t\t\t\t\t\t\t\t\t\t\t\t\t\t\t']","['Garet Lahvis', '1']","['Oregon Health & Science University, Portland, USA.']","['Nature', '\n\t\t\t543,', '623', '(30 March 2017)', 'doi:10.1038/543623d', '\n\t\t\t\t\t\t\t\t\t\t\t\t\t\t\t\t\t\n\t\t\t\t29 March 2017\t\t\t\t\t\t\t']",['\n\t\t\t\t\t\t\t\t\t\t\t\t\t\t\t\t\t\n\t\t\t\t29 March 2017\t\t\t\t\t\t\t'],['Garet Lahvis'],"['Animal behaviour', 'Ecology', 'Technology']",Animal welfare: Make animal models more meaningful
"['\nNature |\n\t\t\t\t\tBooks and Arts\t\t\t\t', '\nNature\n | \n\t\t\t\t\t\t\t\t\t\tBooks and Arts\n\t\t\t\t\t\t\t\t\t\t\t\t\t\t\t\t\t', '\nNature\n | \n\t\t\t\t\t\t\t\t\tBooks and Arts\n\t\t\t\t\t\t\t\t\t\t\t\t\t\t\t']","['Mark Pagel', '1']","['Mark Pagel is in the School of Biological Sciences at the University of Reading, UK.', 'Mark Pagel is in the School of Biological Sciences at the University of Reading, UK.']","['Nature', '\n\t\t\t543,', '620–621', '(30 March 2017)', 'doi:10.1038/543620a', '\n\t\t\t\t\t\t\t\t\t\t\t\t\t\t\t\t\t\n\t\t\t\t29 March 2017\t\t\t\t\t\t\t']",['\n\t\t\t\t\t\t\t\t\t\t\t\t\t\t\t\t\t\n\t\t\t\t29 March 2017\t\t\t\t\t\t\t'],"['Mark Pagel', 'Mark Pagel']",[],"Language: Points, grunts and speaks"
"['\nNature |\n\t\t\t\t\tResearch Highlights\t\t\t\t', '\nNature\n | \n\t\t\t\t\t\t\t\t\t\tResearch Highlights\n\t\t\t\t\t\t\t\t\t\t\t\t\t\t\t\t\t', '\nNature\n | \n\t\t\t\t\t\t\t\t\tResearch Highlights\n\t\t\t\t\t\t\t\t\t\t\t\t\t\t\t']",[],[],"['Nature', '\n\t\t\t543,', '593', '(30 March 2017)', 'doi:10.1038/543593d', '\n\t\t\t\t\t\t\t\t\t\t\t\t\t\t\t\t\t\n\t\t\t\t29 March 2017\t\t\t\t\t\t\t']",['\n\t\t\t\t\t\t\t\t\t\t\t\t\t\t\t\t\t\n\t\t\t\t29 March 2017\t\t\t\t\t\t\t'],[],"['Geology', 'Seismology', 'Geophysics']",Seismology: Quake shows rare complexity
"['\nNature |\n\t\t\t\t\tLetter\t\t\t\t', '\nNature\n | \n\t\t\t\t\t\t\t\t\t\tLetter\n\t\t\t\t\t\t\t\t\t\t\t\t\t\t\t\t\t', '\nNature\n | \n\t\t\t\t\t\t\t\t\tLetter\n\t\t\t\t\t\t\t\t\t\t\t\t\t\t\t']","['Dmitriy Aronov', '1', 'Rhino Nevers', '1', 'David W. Tank', '1']","['Princeton Neuroscience Institute, Princeton University, Princeton, New Jersey 08544, USA']","['Nature', '\n\t\t\t543,', '719–722', '(30 March 2017)', 'doi:10.1038/nature21692', '\n\t\t\t\t\t\t\t\t\t\t\t\t\t\t\t23 October 2016\n\t\t\t\t\t\t\t\t\t\t\t\t', '\n\t\t\t\t\t\t\t\t\t\t\t\t\t\t\t06 February 2017\n\t\t\t\t\t\t\t\t\t\t\t\t', '\n\t\t\t\t\t\t\t\t\t\t\t\t\t\t\t\t\t\n\t\t\t\t29 March 2017\t\t\t\t\t\t\t']","['\n\t\t\t\t\t\t\t\t\t\t\t\t\t\t\t23 October 2016\n\t\t\t\t\t\t\t\t\t\t\t\t', '\n\t\t\t\t\t\t\t\t\t\t\t\t\t\t\t06 February 2017\n\t\t\t\t\t\t\t\t\t\t\t\t', '\n\t\t\t\t\t\t\t\t\t\t\t\t\t\t\t\t\t\n\t\t\t\t29 March 2017\t\t\t\t\t\t\t']","['David W. Tank', 'Dmitriy Aronov']","['Spatial memory', 'Hippocampus', 'Neurophysiology']",Mapping of a non-spatial dimension by the hippocampal–entorhinal circuit
"['\nNature |\n\t\t\t\t\tNews & Views\t\t\t\t', '\nNature\n | \n\t\t\t\t\t\t\t\t\t\tNews and Views\n\t\t\t\t\t\t\t\t\t\t\t\t\t\t\t\t\t', '\nNature\n | \n\t\t\t\t\t\t\t\t\tNews and Views\n\t\t\t\t\t\t\t\t\t\t\t\t\t\t\t']","['Jon W. Rueckemann', '1', 'Elizabeth A. Buffalo', '1']","['Jon W. Rueckemann and Elizabeth A. Buffalo are in the Department of Physiology and Biophysics, University of Washington, Seattle, Washington 98195, USA.']","['Nature', '\n\t\t\t543,', '631–632', '(30 March 2017)', 'doi:10.1038/543631a', '\n\t\t\t\t\t\t\t\t\t\t\t\t\t\t\t\t\t\n\t\t\t\t29 March 2017\t\t\t\t\t\t\t']",['\n\t\t\t\t\t\t\t\t\t\t\t\t\t\t\t\t\t\n\t\t\t\t29 March 2017\t\t\t\t\t\t\t'],"['Jon W. Rueckemann', 'Elizabeth A. Buffalo']",['Neuroscience'],Neuroscience: Auditory landscape on the cognitive map
"['\nNature |\n\t\t\t\t\tArticle\t\t\t\t', '\nNature\n | \n\t\t\t\t\t\t\t\t\t\tArticle\n\t\t\t\t\t\t\t\t\t\t\t\t\t\t\t\t\t', '\nNature\n | \n\t\t\t\t\t\t\t\t\tLetter\n\t\t\t\t\t\t\t\t\t\t\t\t\t\t\t']","['Dick Wu', '1', '2', '3', '†', 'Taulant Bacaj', '1', '†', 'Wade Morishita', '2', '3', '†', 'Debanjan Goswami', '2', '3', 'Kristin L. Arendt', '4', 'Wei Xu', '1', '*', 'Lu Chen', '4', 'Robert C. Malenka', '2', '3', 'Thomas C. Südhof', '1']","['Department of Molecular & Cellular Physiology and Howard Hughes Medical Institute, Stanford University Medical School, Stanford, California 94305, USA', 'Nancy Pritzker Laboratory, Stanford University Medical School, Stanford, California 94305, USA', 'Department of Psychiatry & Behavioral Sciences, Stanford University Medical School, Stanford, California 94305, USA', 'Department of Neurosurgery, Stanford University Medical School, Stanford, California 94305, USA']","['Nature', '(2017)', 'doi:10.1038/nature21720', '\n\t\t\t\t\t\t\t\t\t\t\t\t\t\t\t12 February 2016\n\t\t\t\t\t\t\t\t\t\t\t\t', '\n\t\t\t\t\t\t\t\t\t\t\t\t\t\t\t22 February 2017\n\t\t\t\t\t\t\t\t\t\t\t\t', '\n\t\t\t\t\t\t\t\t\t\t\t\t\t\t\t\t\t\n\t\t\t\t29 March 2017\t\t\t\t\t\t\t']","['\n\t\t\t\t\t\t\t\t\t\t\t\t\t\t\t12 February 2016\n\t\t\t\t\t\t\t\t\t\t\t\t', '\n\t\t\t\t\t\t\t\t\t\t\t\t\t\t\t22 February 2017\n\t\t\t\t\t\t\t\t\t\t\t\t', '\n\t\t\t\t\t\t\t\t\t\t\t\t\t\t\t\t\t\n\t\t\t\t29 March 2017\t\t\t\t\t\t\t']","['Robert C. Malenka', 'Thomas C. Südhof']",[],Postsynaptic synaptotagmins mediate AMPA receptor exocytosis during LTP
"['\nNature |\n\t\t\t\t\tOutlook\t\t\t\t', '\nNature\n | \n\t\t\t\t\t\t\t\t\t\tOutlook\n\t\t\t\t\t\t\t\t\t\t\t\t\t\t\t\t\t', '\nNature\n | \n\t\t\t\t\t\t\t\t\tOutlook\n\t\t\t\t\t\t\t\t\t\t\t\t\t\t\t']","['Emily Sohn', '1']","['Emily Sohn is a journalist in Minneapolis, Minnesota.']","['Nature', '\n\t\t\t543,', 'S44–S46', '(30 March 2017)', 'doi:10.1038/543S44a', '\n\t\t\t\t\t\t\t\t\t\t\t\t\t\t\t\t\t\n\t\t\t\t29 March 2017\t\t\t\t\t\t\t']",['\n\t\t\t\t\t\t\t\t\t\t\t\t\t\t\t\t\t\n\t\t\t\t29 March 2017\t\t\t\t\t\t\t'],[],"['Climate change', 'Diseases', 'Parasitology']",Environment: Hothouse of disease
"['\nNature |\n\t\t\t\t\tNews & Views\t\t\t\t', '\nNature\n | \n\t\t\t\t\t\t\t\t\t\tNews and Views\n\t\t\t\t\t\t\t\t\t\t\t\t\t\t\t\t\t', '\nNature\n | \n\t\t\t\t\t\t\t\t\tNews and Views\n\t\t\t\t\t\t\t\t\t\t\t\t\t\t\t']","['Paul W. Sternberg', '1']","['Paul W. Sternberg is in the Division of Biology and Biological Engineering, California Institute of Technology, Pasadena, California 91125, USA.']","['Nature', '\n\t\t\t543,', '628–630', '(30 March 2017)', 'doi:10.1038/543628a', '\n\t\t\t\t\t\t\t\t\t\t\t\t\t\t\t\t\t\n\t\t\t\t29 March 2017\t\t\t\t\t\t\t']",['\n\t\t\t\t\t\t\t\t\t\t\t\t\t\t\t\t\t\n\t\t\t\t29 March 2017\t\t\t\t\t\t\t'],['Paul W. Sternberg'],"['Developmental biology', 'Genetics']",In Retrospect: Forty years of cellular clues from worms
